id,prix
4206_train,0
7679_train,0
8397_train,0
6429_train,0
5303_train,0
4350_train,0
7170_train,0
7078_train,0
3686_train,0
336_train,0
653_train,0
6436_train,0
5037_train,0
2159_train,0
6247_train,0
1978_train,0
6106_train,0
7671_train,0
7884_train,0
2436_train,0
8264_train,0
3790_train,0
1641_train,0
7162_train,0
86_train,0
648_train,0
5266_train,0
8048_train,0
6243_train,0
2040_train,0
8080_train,0
5915_train,0
2525_train,0
515_train,0
4075_train,0
5_train,0
6751_train,0
5169_train,0
4600_train,0
6336_train,0
891_train,0
4880_train,0
5871_train,0
6700_train,0
1240_train,0
2647_train,0
978_train,0
7028_train,0
7769_train,0
1012_train,0
533_train,0
8442_train,0
1433_train,0
7662_train,0
4744_train,0
1633_train,0
2550_train,0
3198_train,0
4593_train,0
7001_train,0
2203_train,0
1313_train,0
155_train,0
8527_train,0
5406_train,0
6242_train,0
4488_train,0
3075_train,0
2727_train,0
1063_train,0
5880_train,0
8023_train,0
4176_train,0
2224_train,0
6624_train,0
4927_train,0
5103_train,0
4307_train,0
1456_train,0
439_train,0
7151_train,0
4920_train,0
4379_train,0
4841_train,0
5976_train,0
3902_train,0
5082_train,0
1188_train,0
1002_train,0
7067_train,0
6362_train,0
1146_train,0
5819_train,0
7802_train,0
2265_train,0
4617_train,0
3544_train,0
6777_train,0
4673_train,0
1901_train,0
2934_train,0
4348_train,0
1473_train,0
6296_train,0
5100_train,0
3677_train,0
2669_train,0
6285_train,0
4412_train,0
3225_train,0
1228_train,0
5785_train,0
6355_train,0
6453_train,0
883_train,0
2942_train,0
2963_train,0
3433_train,0
4172_train,0
4499_train,0
7454_train,0
3586_train,0
2916_train,0
3189_train,0
8137_train,0
4904_train,0
6228_train,0
7955_train,0
2057_train,0
4187_train,0
5347_train,0
6583_train,0
6262_train,0
3327_train,0
933_train,0
2736_train,0
8146_train,0
2323_train,0
2566_train,0
5691_train,0
7890_train,0
2837_train,0
4579_train,0
5803_train,0
2418_train,0
7413_train,0
7427_train,0
1677_train,0
7594_train,0
2903_train,0
2499_train,0
7423_train,0
3145_train,0
157_train,0
6790_train,0
5111_train,0
7858_train,0
3316_train,0
4426_train,0
3221_train,0
5227_train,0
7289_train,0
6859_train,0
6310_train,0
4486_train,0
4217_train,0
3410_train,0
5997_train,0
5582_train,0
1241_train,0
810_train,0
1463_train,0
3100_train,0
8169_train,0
5509_train,0
5148_train,0
3618_train,0
4851_train,0
7977_train,0
3925_train,0
3799_train,0
5746_train,0
1239_train,0
7431_train,0
5732_train,0
5927_train,0
7690_train,0
7574_train,0
8427_train,0
1568_train,0
8185_train,0
7115_train,0
7599_train,0
8136_train,0
8493_train,0
7766_train,0
6341_train,0
3529_train,0
2115_train,0
5963_train,0
3665_train,0
5794_train,0
7315_train,0
3445_train,0
5447_train,0
1442_train,0
8187_train,0
6820_train,0
1333_train,0
4234_train,0
7053_train,0
6155_train,0
1134_train,0
52_train,0
1388_train,0
8060_train,0
7772_train,0
1392_train,0
3245_train,0
7479_train,0
1661_train,0
4833_train,0
1679_train,0
2011_train,0
5798_train,0
6970_train,0
4785_train,0
6188_train,0
6023_train,0
272_train,0
7109_train,0
46_train,0
8431_train,0
5558_train,0
6270_train,0
4974_train,0
2960_train,0
1293_train,0
7102_train,0
4752_train,0
7938_train,0
6350_train,0
5553_train,0
4409_train,0
7588_train,0
4625_train,0
1607_train,0
6642_train,0
5205_train,0
130_train,0
8017_train,0
6596_train,0
7307_train,0
4392_train,0
4249_train,0
3942_train,0
8165_train,0
6575_train,0
3166_train,0
4731_train,0
5828_train,0
920_train,0
695_train,0
7784_train,0
7927_train,0
6135_train,0
133_train,0
1007_train,0
5475_train,0
7713_train,0
6113_train,0
3984_train,0
1910_train,0
4222_train,0
1198_train,0
6408_train,0
1715_train,0
2119_train,0
7519_train,0
5718_train,0
3815_train,0
6219_train,0
1598_train,0
6333_train,0
5059_train,0
4449_train,0
6430_train,0
2028_train,0
7069_train,0
6861_train,0
1482_train,0
2065_train,0
3819_train,0
4136_train,0
7426_train,0
6701_train,0
1691_train,0
2870_train,0
679_train,0
811_train,0
8186_train,0
1224_train,0
5064_train,0
3346_train,0
7037_train,0
5791_train,0
393_train,0
5777_train,0
6604_train,0
7268_train,0
7467_train,0
434_train,0
3875_train,0
1578_train,0
5134_train,0
3484_train,0
1023_train,0
2042_train,0
6340_train,0
3453_train,0
6586_train,0
2041_train,0
4861_train,0
3755_train,0
2824_train,0
196_train,0
1942_train,0
1215_train,0
7129_train,0
1311_train,0
3695_train,0
4455_train,0
7036_train,0
1724_train,0
3288_train,0
4154_train,0
6364_train,0
554_train,0
1876_train,0
6363_train,0
1880_train,0
298_train,0
1334_train,0
5400_train,0
1905_train,0
8088_train,0
1037_train,0
8266_train,0
2572_train,0
8082_train,0
2585_train,0
1703_train,0
6645_train,0
5376_train,0
4213_train,0
578_train,0
3859_train,0
7964_train,0
7848_train,0
5533_train,0
2446_train,0
1056_train,0
8319_train,0
7004_train,0
1549_train,0
7319_train,0
7327_train,0
6541_train,0
96_train,0
8182_train,0
3740_train,0
1680_train,0
5017_train,0
3259_train,0
2021_train,0
2603_train,0
585_train,0
1327_train,0
4630_train,0
1866_train,0
3714_train,0
7608_train,0
6492_train,0
2596_train,0
1928_train,0
1474_train,0
8209_train,0
7691_train,0
5420_train,0
1026_train,0
6731_train,0
6212_train,0
6311_train,0
7068_train,0
907_train,0
724_train,0
7355_train,0
8480_train,0
7838_train,0
517_train,0
1545_train,0
2388_train,0
6083_train,0
4802_train,0
5620_train,0
3483_train,0
6895_train,0
4943_train,0
1172_train,0
1893_train,0
5488_train,0
7546_train,0
1963_train,0
2013_train,0
4112_train,0
7641_train,0
7242_train,0
2935_train,0
5296_train,0
7667_train,0
1740_train,0
7235_train,0
4013_train,0
8347_train,0
4688_train,0
2583_train,0
1947_train,0
7343_train,0
2855_train,0
6465_train,0
2622_train,0
2438_train,0
3347_train,0
5097_train,0
1940_train,0
4130_train,0
789_train,0
4199_train,0
7024_train,0
5157_train,0
4111_train,0
3134_train,0
2148_train,0
5920_train,0
463_train,0
4663_train,0
6852_train,0
5966_train,0
4518_train,0
7910_train,0
7339_train,0
2049_train,0
361_train,0
5364_train,0
1043_train,0
3215_train,0
1797_train,0
1176_train,0
5465_train,0
5671_train,0
4198_train,0
4434_train,0
631_train,0
7637_train,0
51_train,0
7704_train,0
117_train,0
7393_train,0
1489_train,0
6101_train,0
233_train,0
1417_train,0
5113_train,0
403_train,0
4938_train,0
2286_train,0
2838_train,0
8544_train,0
6536_train,0
5863_train,0
4717_train,0
5951_train,0
1899_train,0
7994_train,0
2644_train,0
5421_train,0
7325_train,0
6813_train,0
2053_train,0
2869_train,0
4611_train,0
103_train,0
7827_train,0
3011_train,0
7229_train,0
659_train,0
3037_train,0
7618_train,0
6811_train,0
7869_train,0
6125_train,0
3190_train,0
1843_train,0
3832_train,0
7361_train,0
2083_train,0
6000_train,0
3539_train,0
4872_train,0
6163_train,0
5573_train,0
3111_train,0
4044_train,0
3420_train,0
1966_train,0
5307_train,0
2868_train,0
6205_train,0
59_train,0
6147_train,0
3000_train,0
5186_train,0
6559_train,0
6883_train,0
6675_train,0
2534_train,0
922_train,0
1933_train,0
8254_train,0
2955_train,0
5497_train,0
7512_train,0
984_train,0
1252_train,0
5413_train,0
4603_train,0
1201_train,0
3322_train,0
2043_train,0
7902_train,0
7189_train,0
7203_train,0
7043_train,0
2313_train,0
3676_train,0
3831_train,0
3250_train,0
4318_train,0
6753_train,0
2545_train,0
3681_train,0
5462_train,0
8085_train,0
2915_train,0
3081_train,0
7859_train,0
7914_train,0
6800_train,0
7021_train,0
3537_train,0
107_train,0
6578_train,0
4257_train,0
6846_train,0
7179_train,0
3007_train,0
2999_train,0
5213_train,0
3409_train,0
4674_train,0
4252_train,0
2245_train,0
997_train,0
8367_train,0
3949_train,0
4166_train,0
4644_train,0
5860_train,0
8066_train,0
2701_train,0
673_train,0
6779_train,0
6880_train,0
970_train,0
853_train,0
525_train,0
8083_train,0
441_train,0
4771_train,0
8158_train,0
4277_train,0
8464_train,0
582_train,0
4404_train,0
4507_train,0
3113_train,0
5487_train,0
5811_train,0
7836_train,0
3247_train,0
6461_train,0
4237_train,0
413_train,0
7723_train,0
1755_train,0
7428_train,0
7180_train,0
2750_train,0
4775_train,0
6715_train,0
4329_train,0
4676_train,0
6680_train,0
2345_train,0
4636_train,0
6805_train,0
4850_train,0
6139_train,0
2107_train,0
4067_train,0
5019_train,0
4770_train,0
6816_train,0
3323_train,0
1654_train,0
147_train,0
8394_train,0
6644_train,0
3604_train,0
4926_train,0
5695_train,0
4981_train,0
465_train,0
4383_train,0
5631_train,0
301_train,0
2770_train,0
2171_train,0
342_train,0
7008_train,0
1859_train,0
7791_train,0
711_train,0
7304_train,0
1991_train,0
2154_train,0
5726_train,0
235_train,0
4394_train,0
2004_train,0
3374_train,0
3685_train,0
1459_train,0
5865_train,0
1287_train,0
1603_train,0
1496_train,0
896_train,0
4793_train,0
2237_train,0
6225_train,0
1593_train,0
5638_train,0
6208_train,0
910_train,0
524_train,0
5844_train,0
2991_train,0
6246_train,0
860_train,0
8125_train,0
6766_train,0
7980_train,0
1852_train,0
7756_train,0
2482_train,0
4188_train,0
3255_train,0
2404_train,0
2180_train,0
5516_train,0
6303_train,0
4835_train,0
3997_train,0
4073_train,0
2650_train,0
6085_train,0
2536_train,0
6782_train,0
5935_train,0
3376_train,0
8322_train,0
154_train,0
3432_train,0
7502_train,0
5072_train,0
92_train,0
4427_train,0
6609_train,0
2378_train,0
7351_train,0
6994_train,0
832_train,0
2060_train,0
3371_train,0
6905_train,0
7825_train,0
1319_train,0
6726_train,0
5502_train,0
8103_train,0
8010_train,0
6565_train,0
8006_train,0
2592_train,0
5031_train,0
7754_train,0
4463_train,0
2413_train,0
6325_train,0
5074_train,0
365_train,0
3626_train,0
3381_train,0
4823_train,0
1197_train,0
3249_train,0
7116_train,0
4041_train,0
7048_train,0
2726_train,0
7437_train,0
7745_train,0
2399_train,0
6420_train,0
5221_train,0
1861_train,0
5208_train,0
8035_train,0
5058_train,0
6389_train,0
5986_train,0
4327_train,0
460_train,0
5958_train,0
703_train,0
8475_train,0
324_train,0
2594_train,0
1455_train,0
6562_train,0
3478_train,0
6961_train,0
1345_train,0
329_train,0
1204_train,0
5581_train,0
382_train,0
5243_train,0
2831_train,0
3314_train,0
1245_train,0
8387_train,0
3549_train,0
2771_train,0
36_train,0
6802_train,0
1846_train,0
4779_train,0
3406_train,0
7513_train,0
657_train,0
4096_train,0
2334_train,0
3281_train,0
6040_train,0
1138_train,0
7127_train,0
8256_train,0
5866_train,0
4439_train,0
4628_train,0
4932_train,0
696_train,0
4558_train,0
1295_train,0
1447_train,0
2893_train,0
4055_train,0
1022_train,0
4631_train,0
4902_train,0
1391_train,0
954_train,0
5719_train,0
5635_train,0
991_train,0
7084_train,0
5783_train,0
2268_train,0
5527_train,0
2696_train,0
4159_train,0
3872_train,0
6888_train,0
1995_train,0
4191_train,0
256_train,0
2819_train,0
2962_train,0
7264_train,0
1065_train,0
7564_train,0
6845_train,0
2886_train,0
8308_train,0
1048_train,0
4922_train,0
7688_train,0
6236_train,0
7348_train,0
6156_train,0
4523_train,0
2023_train,0
3108_train,0
1441_train,0
7740_train,0
4961_train,0
7156_train,0
6810_train,0
3440_train,0
6727_train,0
8560_train,0
5130_train,0
2513_train,0
3748_train,0
5621_train,0
3655_train,0
7968_train,0
4205_train,0
2878_train,0
3911_train,0
1833_train,0
278_train,0
1788_train,0
3954_train,0
6631_train,0
4852_train,0
3306_train,0
4401_train,0
7330_train,0
7971_train,0
3069_train,0
1076_train,0
7578_train,0
3878_train,0
283_train,0
2329_train,0
6437_train,0
3763_train,0
2241_train,0
5759_train,0
1491_train,0
7215_train,0
3679_train,0
4799_train,0
8514_train,0
4414_train,0
1244_train,0
7528_train,0
5701_train,0
3965_train,0
4819_train,0
6733_train,0
370_train,0
6148_train,0
3769_train,0
6150_train,0
5537_train,0
7634_train,0
8058_train,0
4646_train,0
3762_train,0
6367_train,0
713_train,0
3881_train,0
7323_train,0
2411_train,0
7465_train,0
3518_train,0
2767_train,0
3132_train,0
7279_train,0
6115_train,0
3398_train,0
7801_train,0
7087_train,0
3774_train,0
6251_train,0
1485_train,0
1448_train,0
2510_train,0
1428_train,0
6258_train,0
1748_train,0
4985_train,0
114_train,0
7359_train,0
5116_train,0
3475_train,0
1352_train,0
5268_train,0
3786_train,0
5616_train,0
5802_train,0
7695_train,0
4021_train,0
5274_train,0
3078_train,0
734_train,0
435_train,0
3643_train,0
4492_train,0
7387_train,0
634_train,0
4897_train,0
2204_train,0
5665_train,0
6489_train,0
1914_train,0
879_train,0
7438_train,0
3765_train,0
8071_train,0
2582_train,0
2101_train,0
2079_train,0
5946_train,0
1173_train,0
3124_train,0
4132_train,0
2972_train,0
6887_train,0
4484_train,0
812_train,0
349_train,0
5535_train,0
5752_train,0
7399_train,0
7729_train,0
5015_train,0
5961_train,0
4596_train,0
8_train,0
7596_train,0
1825_train,0
4652_train,0
8081_train,0
1559_train,0
7930_train,0
856_train,0
5771_train,0
4915_train,0
3010_train,0
3455_train,0
3161_train,0
4931_train,0
3481_train,0
7185_train,0
1139_train,0
4056_train,0
1242_train,0
2992_train,0
4545_train,0
7282_train,0
4022_train,0
8555_train,0
5683_train,0
3454_train,0
2826_train,0
6622_train,0
5445_train,0
3185_train,0
3178_train,0
4487_train,0
3989_train,0
8118_train,0
6376_train,0
5117_train,0
3627_train,0
7548_train,0
4292_train,0
231_train,0
596_train,0
7214_train,0
8245_train,0
6517_train,0
3184_train,0
1564_train,0
7777_train,0
888_train,0
137_train,0
3827_train,0
5106_train,0
2549_train,0
1386_train,0
8542_train,0
2637_train,0
1347_train,0
4893_train,0
3473_train,0
3938_train,0
5324_train,0
766_train,0
4503_train,0
7880_train,0
457_train,0
4168_train,0
2247_train,0
4309_train,0
7470_train,0
3584_train,0
6288_train,0
6237_train,0
5124_train,0
3788_train,0
2287_train,0
4826_train,0
3130_train,0
6808_train,0
1344_train,0
8392_train,0
3304_train,0
3661_train,0
6632_train,0
7926_train,0
4907_train,0
4844_train,0
7248_train,0
3095_train,0
4954_train,0
3731_train,0
2026_train,0
5183_train,0
1415_train,0
7570_train,0
4258_train,0
7912_train,0
1906_train,0
5051_train,0
2557_train,0
169_train,0
5591_train,0
5340_train,0
3805_train,0
6770_train,0
6806_train,0
4555_train,0
6705_train,0
7463_train,0
4549_train,0
6291_train,0
7952_train,0
455_train,0
7476_train,0
6366_train,0
3778_train,0
4546_train,0
1253_train,0
2067_train,0
6941_train,0
56_train,0
4540_train,0
2503_train,0
6581_train,0
1648_train,0
3246_train,0
1512_train,0
5766_train,0
3385_train,0
671_train,0
8518_train,0
3846_train,0
5138_train,0
141_train,0
2372_train,0
3651_train,0
253_train,0
7619_train,0
6663_train,0
715_train,0
218_train,0
5469_train,0
5510_train,0
1157_train,0
3229_train,0
1935_train,0
3034_train,0
2463_train,0
7216_train,0
7928_train,0
6865_train,0
3026_train,0
5715_train,0
7390_train,0
4248_train,0
3683_train,0
979_train,0
6718_train,0
2474_train,0
805_train,0
4386_train,0
1363_train,0
5178_train,0
5360_train,0
6096_train,0
1649_train,0
6771_train,0
6022_train,0
3391_train,0
2754_train,0
2369_train,0
4988_train,0
2235_train,0
5177_train,0
6463_train,0
7316_train,0
216_train,0
721_train,0
189_train,0
5840_train,0
7336_train,0
4143_train,0
5623_train,0
6655_train,0
2044_train,0
6942_train,0
491_train,0
799_train,0
3705_train,0
8275_train,0
7967_train,0
2382_train,0
371_train,0
5101_train,0
3025_train,0
1903_train,0
854_train,0
4278_train,0
1379_train,0
7250_train,0
4683_train,0
2709_train,0
3908_train,0
3724_train,0
7475_train,0
1694_train,0
3135_train,0
7582_train,0
6400_train,0
537_train,0
1444_train,0
8494_train,0
1323_train,0
1782_train,0
4967_train,0
3177_train,0
5480_train,0
2252_train,0
6121_train,0
2185_train,0
5688_train,0
364_train,0
847_train,0
6947_train,0
5379_train,0
8242_train,0
7328_train,0
5006_train,0
4722_train,0
7057_train,0
6086_train,0
4528_train,0
89_train,0
6098_train,0
7398_train,0
4219_train,0
3770_train,0
3647_train,0
5426_train,0
6781_train,0
2361_train,0
905_train,0
4347_train,0
4385_train,0
3272_train,0
1597_train,0
3191_train,0
2414_train,0
4051_train,0
4197_train,0
494_train,0
1763_train,0
4407_train,0
3274_train,0
6849_train,0
2129_train,0
770_train,0
7788_train,0
1384_train,0
88_train,0
1290_train,0
2495_train,0
3380_train,0
1488_train,0
7435_train,0
2830_train,0
6070_train,0
6789_train,0
4031_train,0
1776_train,0
2681_train,0
7523_train,0
5378_train,0
8224_train,0
3367_train,0
5402_train,0
4686_train,0
3159_train,0
539_train,0
29_train,0
3916_train,0
2568_train,0
4342_train,0
4716_train,0
2174_train,0
1889_train,0
7572_train,0
366_train,0
2958_train,0
2425_train,0
6372_train,0
5458_train,0
4917_train,0
3427_train,0
4898_train,0
6554_train,0
3782_train,0
2687_train,0
4195_train,0
2254_train,0
5834_train,0
1916_train,0
5551_train,0
4987_train,0
453_train,0
1458_train,0
2359_train,0
919_train,0
1815_train,0
5476_train,0
8477_train,0
5605_train,0
5267_train,0
8013_train,0
8112_train,0
1300_train,0
6933_train,0
7664_train,0
4100_train,0
7422_train,0
4996_train,0
4858_train,0
2815_train,0
7168_train,0
3754_train,0
2610_train,0
2263_train,0
5078_train,0
4620_train,0
2130_train,0
4141_train,0
3296_train,0
4863_train,0
7046_train,0
8424_train,0
7320_train,0
8299_train,0
6439_train,0
3634_train,0
7015_train,0
836_train,0
7150_train,0
3698_train,0
7921_train,0
7906_train,0
4242_train,0
2225_train,0
4629_train,0
4963_train,0
4685_train,0
7972_train,0
4388_train,0
572_train,0
5123_train,0
987_train,0
1266_train,0
5231_train,0
1841_train,0
4029_train,0
1497_train,0
903_train,0
1786_train,0
2772_train,0
6166_train,0
4818_train,0
4244_train,0
7114_train,0
2811_train,0
7774_train,0
1304_train,0
7888_train,0
560_train,0
7861_train,0
2680_train,0
3089_train,0
5640_train,0
367_train,0
8338_train,0
6416_train,0
447_train,0
7497_train,0
1374_train,0
5843_train,0
6171_train,0
8354_train,0
5804_train,0
3871_train,0
501_train,0
1149_train,0
1358_train,0
6359_train,0
7019_train,0
2484_train,0
8226_train,0
2196_train,0
7650_train,0
4794_train,0
4113_train,0
8371_train,0
3375_train,0
1118_train,0
2393_train,0
7302_train,0
667_train,0
7062_train,0
3515_train,0
6615_train,0
3468_train,0
3560_train,0
7219_train,0
580_train,0
2387_train,0
3522_train,0
5320_train,0
4005_train,0
454_train,0
8039_train,0
7714_train,0
1277_train,0
6737_train,0
4566_train,0
7672_train,0
3223_train,0
4418_train,0
6528_train,0
1479_train,0
923_train,0
1743_train,0
6217_train,0
6069_train,0
6114_train,0
8009_train,0
3344_train,0
7705_train,0
5969_train,0
4000_train,0
3738_train,0
8031_train,0
7371_train,0
2231_train,0
742_train,0
819_train,0
4605_train,0
6062_train,0
4578_train,0
7187_train,0
3710_train,0
3261_train,0
2659_train,0
6597_train,0
1461_train,0
7887_train,0
6284_train,0
4680_train,0
3632_train,0
6643_train,0
7711_train,0
2476_train,0
8227_train,0
275_train,0
5996_train,0
8004_train,0
1514_train,0
1627_train,0
6939_train,0
863_train,0
4263_train,0
780_train,0
7458_train,0
1707_train,0
5094_train,0
5132_train,0
8099_train,0
526_train,0
4424_train,0
5349_train,0
5893_train,0
803_train,0
3797_train,0
3091_train,0
8024_train,0
5013_train,0
569_train,0
3169_train,0
5988_train,0
8172_train,0
3678_train,0
550_train,0
3914_train,0
6870_train,0
3195_train,0
6857_train,0
6128_train,0
3369_train,0
4294_train,0
7864_train,0
2880_train,0
3512_train,0
1596_train,0
6629_train,0
7076_train,0
6184_train,0
2260_train,0
2612_train,0
4733_train,0
2794_train,0
4923_train,0
6936_train,0
4804_train,0
3884_train,0
1981_train,0
3534_train,0
5463_train,0
6728_train,0
4301_train,0
5792_train,0
2050_train,0
2849_train,0
469_train,0
7152_train,0
5889_train,0
7680_train,0
6338_train,0
717_train,0
2820_train,0
6167_train,0
3358_train,0
5237_train,0
3717_train,0
4632_train,0
2694_train,0
2747_train,0
6744_train,0
4023_train,0
4924_train,0
7966_train,0
6494_train,0
694_train,0
37_train,0
2789_train,0
1166_train,0
2793_train,0
7195_train,0
2233_train,0
7128_train,0
1567_train,0
7444_train,0
7883_train,0
6342_train,0
586_train,0
1965_train,0
7560_train,0
728_train,0
2599_train,0
7278_train,0
3630_train,0
3546_train,0
153_train,0
617_train,0
4763_train,0
6868_train,0
4910_train,0
8532_train,0
3605_train,0
6815_train,0
4983_train,0
4016_train,0
8553_train,0
1189_train,0
5738_train,0
6369_train,0
512_train,0
2108_train,0
8481_train,0
4971_train,0
6092_train,0
3806_train,0
4514_train,0
815_train,0
3822_train,0
6021_train,0
1493_train,0
7697_train,0
3923_train,0
22_train,0
500_train,0
5796_train,0
373_train,0
21_train,0
3469_train,0
1050_train,0
8003_train,0
7899_train,0
2977_train,0
4174_train,0
5310_train,0
206_train,0
7811_train,0
194_train,0
7217_train,0
6360_train,0
1523_train,0
2506_train,0
1395_train,0
7737_train,0
2553_train,0
7868_train,0
1753_train,0
7718_train,0
7885_train,0
7725_train,0
837_train,0
3175_train,0
5038_train,0
503_train,0
558_train,0
5906_train,0
2401_train,0
1671_train,0
8230_train,0
577_train,0
6200_train,0
1119_train,0
552_train,0
6984_train,0
4720_train,0
1878_train,0
3050_train,0
4442_train,0
68_train,0
7835_train,0
7396_train,0
3525_train,0
851_train,0
6203_train,0
323_train,0
1518_train,0
309_train,0
3952_train,0
1524_train,0
4063_train,0
8177_train,0
4421_train,0
3387_train,0
2670_train,0
5334_train,0
1780_train,0
730_train,0
4666_train,0
5894_train,0
1481_train,0
2546_train,0
5009_train,0
4616_train,0
5214_train,0
3600_train,0
7419_train,0
3990_train,0
4093_train,0
5039_train,0
1265_train,0
2803_train,0
4321_train,0
2014_train,0
5450_train,0
2817_train,0
6260_train,0
5855_train,0
8135_train,0
1357_train,0
119_train,0
7324_train,0
2055_train,0
5924_train,0
1452_train,0
8133_train,0
2848_train,0
3416_train,0
4356_train,0
7381_train,0
2059_train,0
1222_train,0
5664_train,0
2146_train,0
6552_train,0
362_train,0
5639_train,0
5356_train,0
1975_train,0
4417_train,0
3982_train,0
6599_train,0
7518_train,0
5188_train,0
1_train,0
3554_train,0
6352_train,0
6281_train,0
902_train,0
6979_train,0
4364_train,0
6382_train,0
894_train,0
6920_train,0
7591_train,0
8181_train,0
7908_train,0
6419_train,0
7434_train,0
1010_train,0
1673_train,0
1502_train,0
1418_train,0
3992_train,0
4860_train,0
3207_train,0
4428_train,0
1701_train,0
5258_train,0
165_train,0
4612_train,0
2464_train,0
7785_train,0
7485_train,0
8079_train,0
4939_train,0
6935_train,0
178_train,0
921_train,0
3036_train,0
7394_train,0
180_train,0
1730_train,0
5891_train,0
5500_train,0
1226_train,0
1873_train,0
7204_train,0
5409_train,0
7645_train,0
2194_train,0
269_train,0
136_train,0
1359_train,0
2609_train,0
7453_train,0
7086_train,0
7872_train,0
6588_train,0
7527_train,0
1133_train,0
322_train,0
7831_train,0
2208_train,0
6505_train,0
2851_train,0
746_train,0
5884_train,0
6499_train,0
5528_train,0
7821_train,0
931_train,0
1883_train,0
6058_train,0
4865_train,0
4468_train,0
1912_train,0
1376_train,0
2882_train,0
6068_train,0
7321_train,0
7267_train,0
4699_train,0
3424_train,0
1765_train,0
1006_train,0
4338_train,0
2239_train,0
4182_train,0
3236_train,0
234_train,0
4743_train,0
6036_train,0
5564_train,0
7417_train,0
444_train,0
722_train,0
6396_train,0
7210_train,0
210_train,0
1460_train,0
2654_train,0
3450_train,0
7876_train,0
988_train,0
1686_train,0
6233_train,0
2403_train,0
7617_train,0
5700_train,0
6273_train,0
3967_train,0
5549_train,0
152_train,0
602_train,0
3319_train,0
7481_train,0
5565_train,0
7238_train,0
510_train,0
6263_train,0
1791_train,0
4129_train,0
615_train,0
6050_train,0
8084_train,0
2529_train,0
1516_train,0
7496_train,0
3054_train,0
2891_train,0
4959_train,0
3127_train,0
551_train,0
6005_train,0
845_train,0
333_train,0
7367_train,0
2847_train,0
4340_train,0
7410_train,0
6690_train,0
754_train,0
5167_train,0
31_train,0
3030_train,0
941_train,0
126_train,0
712_train,0
8073_train,0
1994_train,0
1989_train,0
7032_train,0
7657_train,0
3811_train,0
8413_train,0
6091_train,0
8447_train,0
2651_train,0
785_train,0
5162_train,0
4696_train,0
3601_train,0
285_train,0
7243_train,0
6357_train,0
3692_train,0
3794_train,0
5619_train,0
3377_train,0
7163_train,0
2971_train,0
8437_train,0
8335_train,0
7685_train,0
668_train,0
2288_train,0
747_train,0
8068_train,0
7140_train,0
6543_train,0
164_train,0
277_train,0
6169_train,0
5090_train,0
834_train,0
4654_train,0
5938_train,0
675_train,0
4040_train,0
3098_train,0
4552_train,0
6383_train,0
6218_train,0
1137_train,0
3988_train,0
4443_train,0
6034_train,0
8362_train,0
2081_train,0
7270_train,0
4948_train,0
2737_train,0
5396_train,0
7202_train,0
8213_train,0
6822_train,0
5150_train,0
3431_train,0
1305_train,0
7107_train,0
4701_train,0
563_train,0
2007_train,0
3047_train,0
6330_train,0
7147_train,0
8306_train,0
6514_train,0
4787_train,0
5964_train,0
7314_train,0
1400_train,0
67_train,0
1247_train,0
603_train,0
5180_train,0
5181_train,0
2745_train,0
4517_train,0
1894_train,0
128_train,0
3864_train,0
3707_train,0
5625_train,0
4245_train,0
6324_train,0
2143_train,0
4059_train,0
2562_train,0
8550_train,0
424_train,0
6477_train,0
7285_train,0
7626_train,0
5941_train,0
769_train,0
4108_train,0
8316_train,0
7982_train,0
529_train,0
3749_train,0
4080_train,0
3880_train,0
1565_train,0
5299_train,0
7985_train,0
3275_train,0
3736_train,0
5230_train,0
1827_train,0
4178_train,0
1106_train,0
3382_train,0
917_train,0
4260_train,0
6266_train,0
6295_train,0
5467_train,0
2798_train,0
7648_train,0
5327_train,0
3066_train,0
4627_train,0
1967_train,0
4790_train,0
4283_train,0
5044_train,0
998_train,0
2859_train,0
5615_train,0
8274_train,0
598_train,0
8244_train,0
6004_train,0
295_train,0
3256_train,0
488_train,0
4374_train,0
2364_train,0
4984_train,0
2806_train,0
1046_train,0
4235_train,0
928_train,0
1867_train,0
1762_train,0
1823_train,0
1775_train,0
5937_train,0
7818_train,0
793_train,0
8207_train,0
2990_train,0
2632_train,0
4314_train,0
2896_train,0
4363_train,0
4734_train,0
7893_train,0
6706_train,0
843_train,0
3610_train,0
2945_train,0
4691_train,0
5471_train,0
1182_train,0
1907_train,0
151_train,0
3709_train,0
7126_train,0
4934_train,0
6318_train,0
6856_train,0
606_train,0
1254_train,0
7081_train,0
5229_train,0
3434_train,0
1155_train,0
2277_train,0
4772_train,0
8283_train,0
158_train,0
1854_train,0
5993_train,0
7266_train,0
638_train,0
2908_train,0
6957_train,0
2392_train,0
3206_train,0
2629_train,0
2556_train,0
6159_train,0
7462_train,0
543_train,0
5845_train,0
8503_train,0
305_train,0
3764_train,0
2395_train,0
5745_train,0
1546_train,0
2331_train,0
8368_train,0
7346_train,0
886_train,0
3435_train,0
8557_train,0
7855_train,0
6198_train,0
4949_train,0
5142_train,0
1570_train,0
4476_train,0
688_train,0
4554_train,0
5936_train,0
958_train,0
7804_train,0
2109_train,0
4232_train,0
4330_train,0
6426_train,0
1926_train,0
786_train,0
6594_train,0
1144_train,0
1181_train,0
3646_train,0
7066_train,0
6503_train,0
7600_train,0
6029_train,0
8530_train,0
4_train,0
6681_train,0
5853_train,0
2497_train,0
4477_train,0
3194_train,0
7408_train,0
7973_train,0
4970_train,0
6619_train,0
5574_train,0
2314_train,0
833_train,0
7262_train,0
772_train,0
5289_train,0
3924_train,0
4890_train,0
1501_train,0
5821_train,0
4183_train,0
809_train,0
7708_train,0
5721_train,0
2266_train,0
7813_train,0
3039_train,0
2485_train,0
385_train,0
4479_train,0
3613_train,0
7760_train,0
4702_train,0
588_train,0
5610_train,0
7491_train,0
4541_train,0
2191_train,0
3041_train,0
6897_train,0
2381_train,0
5284_train,0
8423_train,0
2922_train,0
7935_train,0
2177_train,0
6133_train,0
1085_train,0
4391_train,0
6129_train,0
7535_train,0
6563_train,0
1720_train,0
8453_train,0
3612_train,0
1435_train,0
5154_train,0
3752_train,0
7949_train,0
7025_train,0
5909_train,0
426_train,0
7669_train,0
2199_train,0
4117_train,0
4677_train,0
4531_train,0
3571_train,0
4651_train,0
1015_train,0
7176_train,0
4667_train,0
5714_train,0
1551_train,0
6308_train,0
7370_train,0
3592_train,0
8517_train,0
5560_train,0
796_train,0
7730_train,0
1407_train,0
8325_train,0
8030_train,0
1688_train,0
8314_train,0
3133_train,0
2097_train,0
8171_train,0
908_train,0
13_train,0
5277_train,0
6223_train,0
5807_train,0
8419_train,0
5353_train,0
1531_train,0
2538_train,0
1079_train,0
4064_train,0
4641_train,0
7131_train,0
3016_train,0
7260_train,0
1646_train,0
6607_train,0
7338_train,0
2000_train,0
3687_train,0
6713_train,0
7145_train,0
2442_train,0
7767_train,0
4615_train,0
8251_train,0
3251_train,0
8556_train,0
4726_train,0
6060_train,0
3897_train,0
17_train,0
170_train,0
4162_train,0
4377_train,0
4054_train,0
4233_train,0
2720_train,0
5478_train,0
4473_train,0
1604_train,0
827_train,0
23_train,0
1667_train,0
4398_train,0
5663_train,0
2272_train,0
2884_train,0
1938_train,0
2462_train,0
3820_train,0
2198_train,0
3004_train,0
5174_train,0
2575_train,0
8398_train,0
4633_train,0
3087_train,0
2986_train,0
4638_train,0
2144_train,0
6620_train,0
191_train,0
3540_train,0
8357_train,0
7490_train,0
680_train,0
3065_train,0
1608_train,0
1031_train,0
650_train,0
7488_train,0
5707_train,0
1236_train,0
6386_train,0
2002_train,0
1759_train,0
6839_train,0
1877_train,0
740_train,0
1920_train,0
1855_train,0
2519_train,0
756_train,0
3282_train,0
7029_train,0
2541_train,0
145_train,0
8078_train,0
4165_train,0
5589_train,0
589_train,0
3830_train,0
2137_train,0
8093_train,0
1009_train,0
2774_train,0
7160_train,0
7303_train,0
6462_train,0
3667_train,0
2427_train,0
4712_train,0
7627_train,0
3877_train,0
4582_train,0
3043_train,0
5084_train,0
2128_train,0
239_train,0
8467_train,0
4014_train,0
4847_train,0
3745_train,0
3519_train,0
3892_train,0
2475_train,0
4469_train,0
331_train,0
7341_train,0
2309_train,0
2766_train,0
7613_train,0
6573_train,0
2645_train,0
5293_train,0
1543_train,0
1196_train,0
6630_train,0
1932_train,0
6045_train,0
8312_train,0
2885_train,0
4782_train,0
1647_train,0
6923_train,0
84_train,0
1562_train,0
7833_train,0
7724_train,0
3059_train,0
5126_train,0
8212_train,0
5572_train,0
7916_train,0
4929_train,0
6963_train,0
4001_train,0
2686_train,0
1583_train,0
3673_train,0
6214_train,0
3357_train,0
5153_train,0
7074_train,0
4543_train,0
7181_train,0
7356_train,0
5675_train,0
4873_train,0
1862_train,0
8551_train,0
2881_train,0
3042_train,0
437_train,0
3154_train,0
293_train,0
4483_train,0
4089_train,0
5846_train,0
8388_train,0
3137_train,0
5329_train,0
3421_train,0
6952_train,0
1315_train,0
2699_train,0
1566_train,0
6556_train,0
839_train,0
3243_train,0
2099_train,0
3172_train,0
1829_train,0
5066_train,0
20_train,0
485_train,0
5163_train,0
2448_train,0
8265_train,0
5837_train,0
4110_train,0
656_train,0
193_train,0
497_train,0
7494_train,0
4202_train,0
496_train,0
5608_train,0
704_train,0
7686_train,0
2732_train,0
940_train,0
3829_train,0
6508_train,0
7380_train,0
720_train,0
1393_train,0
5973_train,0
5377_train,0
5538_train,0
6658_train,0
4964_train,0
3333_train,0
4721_train,0
1590_train,0
7148_train,0
3273_train,0
2854_train,0
3912_train,0
6425_train,0
6294_train,0
2679_train,0
3659_train,0
2295_train,0
2571_train,0
2010_train,0
2580_train,0
236_train,0
3439_train,0
1539_train,0
546_train,0
8479_train,0
516_train,0
3810_train,0
893_train,0
3743_train,0
4456_train,0
6755_train,0
1586_train,0
3394_train,0
8106_train,0
4181_train,0
943_train,0
1879_train,0
2912_train,0
2380_train,0
2431_train,0
6831_train,0
3165_train,0
7800_train,0
3741_train,0
7466_train,0
7080_train,0
666_train,0
5512_train,0
992_train,0
6292_train,0
33_train,0
2192_train,0
6720_train,0
5382_train,0
171_train,0
6665_train,0
3079_train,0
4007_train,0
2355_train,0
3514_train,0
4613_train,0
4745_train,0
1212_train,0
3870_train,0
3715_train,0
4251_train,0
5980_train,0
5755_train,0
4812_train,0
536_train,0
5468_train,0
5750_train,0
7277_train,0
3437_train,0
7489_train,0
1165_train,0
6428_train,0
2056_train,0
5166_train,0
5489_train,0
3615_train,0
5948_train,0
1051_train,0
6507_train,0
1498_train,0
2269_train,0
7860_train,0
7810_train,0
1343_train,0
483_train,0
2282_train,0
6018_train,0
7199_train,0
1581_train,0
6716_train,0
7183_train,0
7326_train,0
1272_train,0
5393_train,0
7871_train,0
3865_train,0
5352_train,0
7587_train,0
8101_train,0
8189_train,0
3352_train,0
7374_train,0
3919_train,0
2296_train,0
1273_train,0
4076_train,0
5787_train,0
1532_train,0
4548_train,0
8076_train,0
3486_train,0
1059_train,0
5418_train,0
3637_train,0
871_train,0
3565_train,0
1575_train,0
1090_train,0
2421_train,0
8382_train,0
6409_train,0
4918_train,0
5479_train,0
4576_train,0
3441_train,0
6605_train,0
6329_train,0
3197_train,0
4560_train,0
7155_train,0
3821_train,0
7205_train,0
4210_train,0
575_train,0
7956_train,0
7468_train,0
310_train,0
2822_train,0
1738_train,0
3792_train,0
7779_train,0
3053_train,0
2027_train,0
4447_train,0
5345_train,0
2661_train,0
6787_train,0
3115_train,0
7132_train,0
2184_train,0
1331_train,0
798_train,0
6152_train,0
5543_train,0
338_train,0
1919_train,0
6553_train,0
5800_train,0
2098_train,0
702_train,0
4403_train,0
5869_train,0
5314_train,0
946_train,0
8471_train,0
3747_train,0
3222_train,0
8548_train,0
2860_train,0
661_train,0
60_train,0
302_train,0
3657_train,0
6020_train,0
3521_train,0
6688_train,0
4490_train,0
7358_train,0
356_train,0
3547_train,0
414_train,0
8484_train,0
568_train,0
4551_train,0
7920_train,0
561_train,0
5179_train,0
1089_train,0
1192_train,0
1021_train,0
5442_train,0
6776_train,0
7220_train,0
6173_train,0
4163_train,0
2829_train,0
8047_train,0
7826_train,0
1650_train,0
7322_train,0
5879_train,0
605_train,0
8054_train,0
7851_train,0
7311_train,0
65_train,0
3959_train,0
4786_train,0
7200_train,0
4060_train,0
513_train,0
944_train,0
8064_train,0
4152_train,0
5735_train,0
6244_train,0
7515_train,0
8289_train,0
2741_train,0
5912_train,0
2409_train,0
4048_train,0
3400_train,0
6415_train,0
3915_train,0
4866_train,0
2117_train,0
7265_train,0
5594_train,0
2703_train,0
1958_train,0
1891_train,0
8167_train,0
2008_train,0
3343_train,0
7299_train,0
2779_train,0
5032_train,0
7903_train,0
8198_train,0
7293_train,0
