id,prix
4206_train,27.97935770195363
7679_train,27.97935770195363
8397_train,27.97935770195363
6429_train,27.97935770195363
5303_train,27.986832410694866
4350_train,27.986832410694866
7170_train,27.97935770195363
7078_train,27.989053812066423
3686_train,27.97935770195363
336_train,27.97935770195363
653_train,27.97935770195363
6436_train,27.986832410694866
5037_train,27.97935770195363
2159_train,27.989053812066423
6247_train,28.227531573665544
1978_train,27.989053812066423
6106_train,27.97935770195363
7671_train,27.97935770195363
7884_train,27.97935770195363
2436_train,27.97935770195363
8264_train,27.986832410694866
3790_train,27.989053812066423
1641_train,27.986832410694866
7162_train,27.97935770195363
86_train,27.986832410694866
648_train,27.97935770195363
5266_train,27.97935770195363
8048_train,27.97935770195363
6243_train,27.986832410694866
2040_train,27.97935770195363
8080_train,27.97935770195363
5915_train,27.989053812066423
2525_train,27.986832410694866
515_train,27.97935770195363
4075_train,27.986832410694866
5_train,28.011982266304646
6751_train,27.97935770195363
5169_train,27.986832410694866
4600_train,27.990530935807058
6336_train,27.97935770195363
891_train,27.986832410694866
4880_train,27.986832410694866
5871_train,27.97935770195363
6700_train,27.986832410694866
1240_train,27.986832410694866
2647_train,27.97935770195363
978_train,27.986832410694866
7028_train,27.986832410694866
7769_train,27.97935770195363
1012_train,27.97935770195363
533_train,27.97935770195363
8442_train,27.97935770195363
1433_train,27.97935770195363
7662_train,27.986832410694866
4744_train,27.97935770195363
1633_train,27.989053812066423
2550_train,27.989053812066423
3198_train,28.027666039374427
4593_train,27.97935770195363
7001_train,27.986832410694866
2203_train,27.97935770195363
1313_train,27.97935770195363
155_train,27.97935770195363
8527_train,28.153074120362767
5406_train,27.989053812066423
6242_train,27.97935770195363
4488_train,27.97935770195363
3075_train,27.97935770195363
2727_train,27.989053812066423
1063_train,27.97935770195363
5880_train,27.97935770195363
8023_train,27.986832410694866
4176_train,27.97935770195363
2224_train,27.97935770195363
6624_train,28.278736148689937
4927_train,27.990530935807058
5103_train,27.97935770195363
4307_train,27.97935770195363
1456_train,27.989053812066423
439_train,27.97935770195363
7151_train,27.97935770195363
4920_train,27.986832410694866
4379_train,27.989053812066423
4841_train,27.97935770195363
5976_train,27.989053812066423
3902_train,28.075958473198703
5082_train,27.97935770195363
1188_train,27.97935770195363
1002_train,27.97935770195363
7067_train,27.97935770195363
6362_train,27.97935770195363
1146_train,27.989053812066423
5819_train,27.97935770195363
7802_train,27.97935770195363
2265_train,27.989053812066423
4617_train,27.97935770195363
3544_train,27.97935770195363
6777_train,27.97935770195363
4673_train,27.986832410694866
1901_train,27.986832410694866
2934_train,28.451891521265097
4348_train,27.989053812066423
1473_train,27.97935770195363
6296_train,27.97935770195363
5100_train,28.359269006197902
3677_train,27.97935770195363
2669_train,27.986832410694866
6285_train,27.97935770195363
4412_train,27.986832410694866
3225_train,27.97935770195363
1228_train,27.97935770195363
5785_train,27.97935770195363
6355_train,27.97935770195363
6453_train,27.97935770195363
883_train,27.986832410694866
2942_train,27.97935770195363
2963_train,27.986832410694866
3433_train,27.986832410694866
4172_train,27.97935770195363
4499_train,27.97935770195363
7454_train,27.97935770195363
3586_train,27.986832410694866
2916_train,27.986832410694866
3189_train,27.97935770195363
8137_train,27.97935770195363
4904_train,27.986832410694866
6228_train,27.97935770195363
7955_train,27.986832410694866
2057_train,27.97935770195363
4187_train,27.97935770195363
5347_train,27.986832410694866
6583_train,27.990530935807058
6262_train,27.97935770195363
3327_train,27.97935770195363
933_train,27.97935770195363
2736_train,27.986832410694866
8146_train,28.134636483463886
2323_train,27.97935770195363
2566_train,27.993020741172316
5691_train,27.97935770195363
7890_train,27.986832410694866
2837_train,27.97935770195363
4579_train,28.134636483463886
5803_train,27.989053812066423
2418_train,27.97935770195363
7413_train,27.986832410694866
7427_train,27.97935770195363
1677_train,27.97935770195363
7594_train,28.075958473198703
2903_train,27.989053812066423
2499_train,27.989053812066423
7423_train,27.986832410694866
3145_train,28.011982266304646
157_train,27.989053812066423
6790_train,27.97935770195363
5111_train,28.12217591573242
7858_train,27.97935770195363
3316_train,27.97935770195363
4426_train,27.986832410694866
3221_train,27.97935770195363
5227_train,28.03792041235003
7289_train,27.97935770195363
6859_train,27.97935770195363
6310_train,27.990530935807058
4486_train,27.97935770195363
4217_train,27.97935770195363
3410_train,27.97935770195363
5997_train,27.97935770195363
5582_train,28.078657970060803
1241_train,27.989053812066423
810_train,27.97935770195363
1463_train,28.016544138227616
3100_train,27.97935770195363
8169_train,27.97935770195363
5509_train,27.986832410694866
5148_train,27.990530935807058
3618_train,27.97935770195363
4851_train,27.97935770195363
7977_train,27.97935770195363
3925_train,27.97935770195363
3799_train,27.97935770195363
5746_train,27.986832410694866
1239_train,27.97935770195363
7431_train,27.97935770195363
5732_train,27.97935770195363
5927_train,27.97935770195363
7690_train,27.989053812066423
7574_train,27.97935770195363
8427_train,27.97935770195363
1568_train,27.989053812066423
8185_train,27.97935770195363
7115_train,27.97935770195363
7599_train,27.97935770195363
8136_train,27.97935770195363
8493_train,27.97935770195363
7766_train,27.97935770195363
6341_train,27.97935770195363
3529_train,27.989053812066423
2115_train,27.993020741172316
5963_train,27.97935770195363
3665_train,27.97935770195363
5794_train,27.986832410694866
7315_train,27.97935770195363
3445_train,27.97935770195363
5447_train,28.03792041235003
1442_train,27.97935770195363
8187_train,27.97935770195363
6820_train,27.97935770195363
1333_train,27.97935770195363
4234_train,27.97935770195363
7053_train,27.986832410694866
6155_train,27.989053812066423
1134_train,27.97935770195363
52_train,27.97935770195363
1388_train,27.97935770195363
8060_train,27.986832410694866
7772_train,27.97935770195363
1392_train,27.990530935807058
3245_train,28.153074120362767
7479_train,27.97935770195363
1661_train,27.97935770195363
4833_train,27.97935770195363
1679_train,27.97935770195363
2011_train,27.986832410694866
5798_train,28.03792041235003
6970_train,27.990530935807058
4785_train,27.97935770195363
6188_train,28.12217591573242
6023_train,27.986832410694866
272_train,28.451891521265097
7109_train,27.97935770195363
46_train,27.97935770195363
8431_train,27.97935770195363
5558_train,27.986832410694866
6270_train,27.986832410694866
4974_train,27.97935770195363
2960_train,27.97935770195363
1293_train,27.97935770195363
7102_train,28.016544138227616
4752_train,27.97935770195363
7938_train,27.97935770195363
6350_train,27.986832410694866
5553_train,27.989053812066423
4409_train,28.078657970060803
7588_train,27.97935770195363
4625_train,27.993020741172316
1607_train,27.97935770195363
6642_train,27.986832410694866
5205_train,28.09282262403208
130_train,27.986832410694866
8017_train,27.986832410694866
6596_train,27.986832410694866
7307_train,28.278736148689937
4392_train,27.97935770195363
4249_train,27.986832410694866
3942_train,27.97935770195363
8165_train,27.97935770195363
6575_train,27.97935770195363
3166_train,27.986832410694866
4731_train,27.97935770195363
5828_train,27.97935770195363
920_train,27.97935770195363
695_train,27.97935770195363
7784_train,27.97935770195363
7927_train,27.989053812066423
6135_train,27.97935770195363
133_train,27.97935770195363
1007_train,27.989053812066423
5475_train,27.97935770195363
7713_train,27.97935770195363
6113_train,27.986832410694866
3984_train,27.989053812066423
1910_train,27.993020741172316
4222_train,27.989053812066423
1198_train,27.97935770195363
6408_train,27.97935770195363
1715_train,27.97935770195363
2119_train,27.97935770195363
7519_train,27.97935770195363
5718_train,27.97935770195363
3815_train,27.97935770195363
6219_train,27.97935770195363
1598_train,27.986832410694866
6333_train,27.97935770195363
5059_train,27.97935770195363
4449_train,27.97935770195363
6430_train,27.97935770195363
2028_train,27.97935770195363
7069_train,27.97935770195363
6861_train,28.00176105709912
1482_train,27.97935770195363
2065_train,27.97935770195363
3819_train,28.03269364287991
4136_train,27.986832410694866
7426_train,27.989053812066423
6701_train,28.135407690934347
1691_train,27.97935770195363
2870_train,27.990530935807058
679_train,27.97935770195363
811_train,28.003871223191222
8186_train,27.986832410694866
1224_train,27.986832410694866
5064_train,28.080281582885142
3346_train,27.97935770195363
7037_train,27.986832410694866
5791_train,27.97935770195363
393_train,27.993020741172316
5777_train,27.97935770195363
6604_train,27.97935770195363
7268_train,27.97935770195363
7467_train,27.97935770195363
434_train,28.227531573665544
3875_train,28.016544138227616
1578_train,27.97935770195363
5134_train,27.97935770195363
3484_train,27.97935770195363
1023_train,27.986832410694866
2042_train,27.97935770195363
6340_train,27.97935770195363
3453_train,27.986832410694866
6586_train,28.278736148689937
2041_train,27.97935770195363
4861_train,27.97935770195363
3755_train,27.97935770195363
2824_train,27.986832410694866
196_train,28.080281582885142
1942_train,28.003871223191222
1215_train,27.97935770195363
7129_train,27.97935770195363
1311_train,27.97935770195363
3695_train,27.97935770195363
4455_train,27.989053812066423
7036_train,27.986832410694866
1724_train,27.986832410694866
3288_train,28.003871223191222
4154_train,27.97935770195363
6364_train,27.97935770195363
554_train,27.97935770195363
1876_train,27.97935770195363
6363_train,27.97935770195363
1880_train,27.993020741172316
298_train,27.97935770195363
1334_train,27.986832410694866
5400_train,27.989053812066423
1905_train,27.97935770195363
8088_train,27.986832410694866
1037_train,27.97935770195363
8266_train,27.97935770195363
2572_train,27.97935770195363
8082_train,27.97935770195363
2585_train,27.97935770195363
1703_train,28.02964719653672
6645_train,28.227531573665544
5376_train,27.97935770195363
4213_train,27.986832410694866
578_train,27.986832410694866
3859_train,27.97935770195363
7964_train,27.97935770195363
7848_train,27.986832410694866
5533_train,27.986832410694866
2446_train,28.00176105709912
1056_train,27.97935770195363
8319_train,27.97935770195363
7004_train,27.986832410694866
1549_train,27.97935770195363
7319_train,27.993020741172316
7327_train,27.97935770195363
6541_train,27.990530935807058
96_train,27.97935770195363
8182_train,27.97935770195363
3740_train,28.080281582885142
1680_train,28.080281582885142
5017_train,27.97935770195363
3259_train,27.97935770195363
2021_train,27.97935770195363
2603_train,27.993020741172316
585_train,27.97935770195363
1327_train,27.986832410694866
4630_train,27.986832410694866
1866_train,27.97935770195363
3714_train,27.97935770195363
7608_train,27.986832410694866
6492_train,27.97935770195363
2596_train,27.97935770195363
1928_train,27.97935770195363
1474_train,27.97935770195363
8209_train,27.97935770195363
7691_train,27.97935770195363
5420_train,28.011982266304646
1026_train,27.97935770195363
6731_train,27.97935770195363
6212_train,28.135407690934347
6311_train,27.986832410694866
7068_train,27.986832410694866
907_train,27.97935770195363
724_train,27.989053812066423
7355_train,27.97935770195363
8480_train,27.97935770195363
7838_train,27.989053812066423
517_train,27.97935770195363
1545_train,27.993020741172316
2388_train,27.97935770195363
6083_train,27.97935770195363
4802_train,27.97935770195363
5620_train,27.986832410694866
3483_train,27.989053812066423
6895_train,27.97935770195363
4943_train,27.986832410694866
1172_train,28.020601653245453
1893_train,27.97935770195363
5488_train,28.00176105709912
7546_train,27.97935770195363
1963_train,27.990530935807058
2013_train,27.986832410694866
4112_train,27.97935770195363
7641_train,27.97935770195363
7242_train,27.97935770195363
2935_train,27.97935770195363
5296_train,28.020601653245453
7667_train,28.081212955097048
1740_train,27.986832410694866
7235_train,27.97935770195363
4013_train,27.97935770195363
8347_train,27.97935770195363
4688_train,27.989053812066423
2583_train,27.97935770195363
1947_train,28.03792041235003
7343_train,27.97935770195363
2855_train,27.97935770195363
6465_train,27.97935770195363
2622_train,27.97935770195363
2438_train,27.97935770195363
3347_train,27.986832410694866
5097_train,27.97935770195363
1940_train,27.97935770195363
4130_train,27.993020741172316
789_train,27.97935770195363
4199_train,27.986832410694866
7024_train,27.97935770195363
5157_train,28.075958473198703
4111_train,27.986832410694866
3134_train,27.989053812066423
2148_train,27.989053812066423
5920_train,27.986832410694866
463_train,27.97935770195363
4663_train,28.011982266304646
6852_train,27.97935770195363
5966_train,27.97935770195363
4518_train,27.97935770195363
7910_train,27.97935770195363
7339_train,27.97935770195363
2049_train,27.986832410694866
361_train,27.986832410694866
5364_train,27.990530935807058
1043_train,27.97935770195363
3215_train,27.97935770195363
1797_train,27.97935770195363
1176_train,27.97935770195363
5465_train,27.97935770195363
5671_train,27.97935770195363
4198_train,27.989053812066423
4434_train,28.0282326371738
631_train,28.12217591573242
7637_train,27.97935770195363
51_train,27.986832410694866
7704_train,27.97935770195363
117_train,27.989053812066423
7393_train,27.97935770195363
1489_train,27.986832410694866
6101_train,27.97935770195363
233_train,27.97935770195363
1417_train,27.97935770195363
5113_train,27.986832410694866
403_train,28.047585912731872
4938_train,27.990530935807058
2286_train,27.97935770195363
2838_train,27.986832410694866
8544_train,27.986832410694866
6536_train,27.986832410694866
5863_train,27.986832410694866
4717_train,27.97935770195363
5951_train,27.986832410694866
1899_train,27.97935770195363
7994_train,27.97935770195363
2644_train,27.97935770195363
5421_train,27.986832410694866
7325_train,28.278736148689937
6813_train,27.97935770195363
2053_train,27.986832410694866
2869_train,27.986832410694866
4611_train,27.989053812066423
103_train,27.97935770195363
7827_train,28.03269364287991
3011_train,27.986832410694866
7229_train,27.989053812066423
659_train,27.986832410694866
3037_train,28.003871223191222
7618_train,27.97935770195363
6811_train,27.97935770195363
7869_train,27.986832410694866
6125_train,27.97935770195363
3190_train,27.97935770195363
1843_train,28.003871223191222
3832_train,28.153074120362767
7361_train,27.989053812066423
2083_train,27.990530935807058
6000_train,27.97935770195363
3539_train,27.97935770195363
4872_train,27.990530935807058
6163_train,27.986832410694866
5573_train,27.989053812066423
3111_train,27.989053812066423
4044_train,27.989053812066423
3420_train,27.97935770195363
1966_train,27.97935770195363
5307_train,27.97935770195363
2868_train,27.97935770195363
6205_train,27.97935770195363
59_train,27.986832410694866
6147_train,27.97935770195363
3000_train,27.986832410694866
5186_train,28.016544138227616
6559_train,27.97935770195363
6883_train,27.97935770195363
6675_train,28.078657970060803
2534_train,27.97935770195363
922_train,27.986832410694866
1933_train,27.986832410694866
8254_train,27.97935770195363
2955_train,27.97935770195363
5497_train,27.97935770195363
7512_train,27.97935770195363
984_train,27.97935770195363
1252_train,28.027666039374427
5413_train,27.990530935807058
4603_train,27.989053812066423
1201_train,27.989053812066423
3322_train,27.97935770195363
2043_train,27.989053812066423
7902_train,28.047585912731872
7189_train,27.993020741172316
7203_train,27.97935770195363
7043_train,27.989053812066423
2313_train,27.97935770195363
3676_train,27.993020741172316
3831_train,27.97935770195363
3250_train,27.97935770195363
4318_train,27.97935770195363
6753_train,27.989053812066423
2545_train,27.986832410694866
3681_train,28.153074120362767
5462_train,27.97935770195363
8085_train,28.020601653245453
2915_train,27.97935770195363
3081_train,27.97935770195363
7859_train,28.047585912731872
7914_train,27.986832410694866
6800_train,27.97935770195363
7021_train,27.989053812066423
3537_train,27.97935770195363
107_train,27.989053812066423
6578_train,27.97935770195363
4257_train,27.97935770195363
6846_train,27.97935770195363
7179_train,27.97935770195363
3007_train,27.986832410694866
2999_train,27.989053812066423
5213_train,27.989053812066423
3409_train,27.97935770195363
4674_train,27.97935770195363
4252_train,27.993020741172316
2245_train,27.97935770195363
997_train,27.97935770195363
8367_train,27.993020741172316
3949_train,28.016544138227616
4166_train,27.97935770195363
4644_train,27.986832410694866
5860_train,27.97935770195363
8066_train,27.97935770195363
2701_train,27.97935770195363
673_train,27.97935770195363
6779_train,27.97935770195363
6880_train,28.003871223191222
970_train,27.97935770195363
853_train,27.97935770195363
525_train,27.97935770195363
8083_train,27.97935770195363
441_train,27.97935770195363
4771_train,27.97935770195363
8158_train,27.97935770195363
4277_train,27.986832410694866
8464_train,27.986832410694866
582_train,27.990530935807058
4404_train,27.97935770195363
4507_train,27.986832410694866
3113_train,27.97935770195363
5487_train,27.97935770195363
5811_train,27.986832410694866
7836_train,27.97935770195363
3247_train,27.989053812066423
6461_train,28.03792041235003
4237_train,27.97935770195363
413_train,27.989053812066423
7723_train,28.227531573665544
1755_train,27.97935770195363
7428_train,27.97935770195363
7180_train,27.97935770195363
2750_train,27.97935770195363
4775_train,27.993020741172316
6715_train,27.986832410694866
4329_train,27.986832410694866
4676_train,27.993020741172316
6680_train,27.97935770195363
2345_train,27.97935770195363
4636_train,27.989053812066423
6805_train,27.97935770195363
4850_train,27.986832410694866
6139_train,27.993020741172316
2107_train,27.97935770195363
4067_train,27.986832410694866
5019_train,28.359269006197902
4770_train,27.986832410694866
6816_train,27.989053812066423
3323_train,27.989053812066423
1654_train,27.97935770195363
147_train,27.97935770195363
8394_train,27.993020741172316
6644_train,27.97935770195363
3604_train,28.027666039374427
4926_train,27.986832410694866
5695_train,27.97935770195363
4981_train,27.989053812066423
465_train,27.986832410694866
4383_train,28.03792041235003
5631_train,27.97935770195363
301_train,28.016544138227616
2770_train,27.986832410694866
2171_train,27.97935770195363
342_train,28.047585912731872
7008_train,27.97935770195363
1859_train,28.0282326371738
7791_train,27.97935770195363
711_train,27.986832410694866
7304_train,27.97935770195363
1991_train,27.97935770195363
2154_train,27.989053812066423
5726_train,27.97935770195363
235_train,27.97935770195363
4394_train,28.020601653245453
2004_train,27.97935770195363
3374_train,27.986832410694866
3685_train,28.153074120362767
1459_train,27.97935770195363
5865_train,27.97935770195363
1287_train,27.989053812066423
1603_train,28.153074120362767
1496_train,27.993020741172316
896_train,27.986473817215014
4793_train,28.359269006197902
2237_train,27.986832410694866
6225_train,28.09282262403208
1593_train,27.986832410694866
5638_train,27.97935770195363
6208_train,27.986832410694866
910_train,27.97935770195363
524_train,27.97935770195363
5844_train,27.993020741172316
2991_train,27.989053812066423
6246_train,27.986832410694866
860_train,27.97935770195363
8125_train,27.986473817215014
6766_train,28.09282262403208
7980_train,28.080281582885142
1852_train,28.153074120362767
7756_train,27.986832410694866
2482_train,27.97935770195363
4188_train,27.97935770195363
3255_train,27.986832410694866
2404_train,27.986832410694866
2180_train,28.359269006197902
5516_train,27.97935770195363
6303_train,27.97935770195363
4835_train,27.97935770195363
3997_train,27.97935770195363
4073_train,27.993020741172316
2650_train,27.986832410694866
6085_train,27.97935770195363
2536_train,27.97935770195363
6782_train,27.986832410694866
5935_train,27.97935770195363
3376_train,27.97935770195363
8322_train,27.97935770195363
154_train,27.97935770195363
3432_train,27.97935770195363
7502_train,27.97935770195363
5072_train,27.986832410694866
92_train,27.989053812066423
4427_train,27.989053812066423
6609_train,27.97935770195363
2378_train,27.986832410694866
7351_train,28.359269006197902
6994_train,28.003871223191222
832_train,27.993020741172316
2060_train,27.97935770195363
3371_train,27.97935770195363
6905_train,27.97935770195363
7825_train,27.97935770195363
1319_train,27.986473817215014
6726_train,27.97935770195363
5502_train,27.97935770195363
8103_train,28.359269006197902
8010_train,27.986832410694866
6565_train,27.97935770195363
8006_train,27.97935770195363
2592_train,28.020601653245453
5031_train,27.97935770195363
7754_train,28.027666039374427
4463_train,27.986473817215014
2413_train,27.993020741172316
6325_train,27.993020741172316
5074_train,27.97935770195363
365_train,27.97935770195363
3626_train,27.986832410694866
3381_train,27.993020741172316
4823_train,27.97935770195363
1197_train,28.359269006197902
3249_train,27.97935770195363
7116_train,27.986832410694866
4041_train,28.03269364287991
7048_train,28.227531573665544
2726_train,27.986832410694866
7437_train,27.97935770195363
7745_train,27.986832410694866
2399_train,27.97935770195363
6420_train,27.97935770195363
5221_train,27.97935770195363
1861_train,27.97935770195363
5208_train,28.03792041235003
8035_train,27.97935770195363
5058_train,27.986473817215014
6389_train,27.989053812066423
5986_train,27.986832410694866
4327_train,28.03269364287991
460_train,27.989053812066423
5958_train,27.97935770195363
703_train,27.97935770195363
8475_train,27.97935770195363
324_train,27.97935770195363
2594_train,27.986832410694866
1455_train,27.97935770195363
6562_train,27.97935770195363
3478_train,27.97935770195363
6961_train,27.97935770195363
1345_train,27.97935770195363
329_train,27.993020741172316
1204_train,27.97935770195363
5581_train,27.986832410694866
382_train,28.011982266304646
5243_train,27.97935770195363
2831_train,28.075958473198703
3314_train,27.97935770195363
1245_train,27.97935770195363
8387_train,27.97935770195363
3549_train,27.986832410694866
2771_train,27.989053812066423
36_train,27.986832410694866
6802_train,27.97935770195363
1846_train,27.993020741172316
4779_train,28.00176105709912
3406_train,27.97935770195363
7513_train,27.986832410694866
657_train,27.986832410694866
4096_train,28.03792041235003
2334_train,27.989053812066423
3281_train,27.986832410694866
6040_train,27.97935770195363
1138_train,27.97935770195363
7127_train,27.986832410694866
8256_train,27.986832410694866
5866_train,27.990530935807058
4439_train,27.990530935807058
4628_train,27.986832410694866
4932_train,27.97935770195363
696_train,27.97935770195363
4558_train,27.989053812066423
1295_train,27.986832410694866
1447_train,27.986832410694866
2893_train,27.97935770195363
4055_train,27.989053812066423
1022_train,27.97935770195363
4631_train,27.986473817215014
4902_train,27.986832410694866
1391_train,28.153074120362767
954_train,27.97935770195363
5719_train,27.97935770195363
5635_train,27.97935770195363
991_train,27.97935770195363
7084_train,27.990530935807058
5783_train,27.97935770195363
2268_train,27.97935770195363
5527_train,27.986832410694866
2696_train,27.993020741172316
4159_train,27.97935770195363
3872_train,27.97935770195363
6888_train,27.97935770195363
1995_train,27.97935770195363
4191_train,27.97935770195363
256_train,27.986832410694866
2819_train,27.993020741172316
2962_train,28.016544138227616
7264_train,27.97935770195363
1065_train,27.97935770195363
7564_train,28.081212955097048
6845_train,27.97935770195363
2886_train,27.989053812066423
8308_train,28.135407690934347
1048_train,27.97935770195363
4922_train,27.986832410694866
7688_train,27.97935770195363
6236_train,27.986473817215014
7348_train,27.993020741172316
6156_train,27.97935770195363
4523_train,27.993020741172316
2023_train,27.97935770195363
3108_train,27.97935770195363
1441_train,28.016544138227616
7740_train,27.986832410694866
4961_train,27.97935770195363
7156_train,27.989053812066423
6810_train,27.97935770195363
3440_train,28.134636483463886
6727_train,27.990530935807058
8560_train,28.451891521265097
5130_train,27.989053812066423
2513_train,28.153074120362767
3748_train,27.986832410694866
5621_train,27.986832410694866
3655_train,27.986832410694866
7968_train,27.97935770195363
4205_train,28.081212955097048
2878_train,27.989053812066423
3911_train,27.986832410694866
1833_train,27.986832410694866
278_train,27.993020741172316
1788_train,27.97935770195363
3954_train,27.97935770195363
6631_train,28.075958473198703
4852_train,27.97935770195363
3306_train,28.135407690934347
4401_train,27.989053812066423
7330_train,27.97935770195363
7971_train,27.97935770195363
3069_train,27.986832410694866
1076_train,28.278736148689937
7578_train,27.986832410694866
3878_train,27.97935770195363
283_train,27.986832410694866
2329_train,27.97935770195363
6437_train,27.986832410694866
3763_train,27.97935770195363
2241_train,27.989053812066423
5759_train,27.989053812066423
1491_train,27.97935770195363
7215_train,27.97935770195363
3679_train,27.993020741172316
4799_train,27.989053812066423
8514_train,27.97935770195363
4414_train,27.989053812066423
1244_train,27.986832410694866
7528_train,27.989053812066423
5701_train,27.986832410694866
3965_train,27.97935770195363
4819_train,27.97935770195363
6733_train,27.97935770195363
370_train,28.03792041235003
6148_train,27.993020741172316
3769_train,27.986832410694866
6150_train,27.97935770195363
5537_train,27.97935770195363
7634_train,27.989053812066423
8058_train,27.97935770195363
4646_train,27.97935770195363
3762_train,27.989053812066423
6367_train,28.09282262403208
713_train,27.97935770195363
3881_train,27.986832410694866
7323_train,27.97935770195363
2411_train,27.97935770195363
7465_train,28.135407690934347
3518_train,27.97935770195363
2767_train,27.986832410694866
3132_train,27.986832410694866
7279_train,27.97935770195363
6115_train,28.047585912731872
3398_train,27.97935770195363
7801_train,27.97935770195363
7087_train,28.135407690934347
3774_train,27.97935770195363
6251_train,27.97935770195363
1485_train,27.97935770195363
1448_train,27.97935770195363
2510_train,27.986832410694866
1428_train,27.97935770195363
6258_train,27.97935770195363
1748_train,27.97935770195363
4985_train,27.97935770195363
114_train,27.989053812066423
7359_train,27.97935770195363
5116_train,28.003871223191222
3475_train,27.97935770195363
1352_train,27.97935770195363
5268_train,27.97935770195363
3786_train,27.986473817215014
5616_train,27.986832410694866
5802_train,27.97935770195363
7695_train,27.97935770195363
4021_train,27.97935770195363
5274_train,27.97935770195363
3078_train,27.97935770195363
734_train,27.993020741172316
435_train,27.97935770195363
3643_train,27.97935770195363
4492_train,27.97935770195363
7387_train,28.134636483463886
634_train,27.97935770195363
4897_train,28.047585912731872
2204_train,27.97935770195363
5665_train,27.993020741172316
6489_train,27.97935770195363
1914_train,27.97935770195363
879_train,28.12217591573242
7438_train,27.986473817215014
3765_train,27.989053812066423
8071_train,27.97935770195363
2582_train,28.278736148689937
2101_train,27.97935770195363
2079_train,27.97935770195363
5946_train,27.97935770195363
1173_train,27.989053812066423
3124_train,28.020601653245453
4132_train,27.990530935807058
2972_train,27.986832410694866
6887_train,27.986832410694866
4484_train,27.989053812066423
812_train,28.020601653245453
349_train,27.97935770195363
5535_train,27.97935770195363
5752_train,27.97935770195363
7399_train,27.989053812066423
7729_train,27.97935770195363
5015_train,28.03792041235003
5961_train,27.97935770195363
4596_train,27.97935770195363
8_train,27.97935770195363
7596_train,27.97935770195363
1825_train,27.989053812066423
4652_train,27.989053812066423
8081_train,27.986832410694866
1559_train,27.97935770195363
7930_train,27.97935770195363
856_train,28.003871223191222
5771_train,27.97935770195363
4915_train,27.97935770195363
3010_train,27.989053812066423
3455_train,27.97935770195363
3161_train,27.97935770195363
4931_train,27.97935770195363
3481_train,27.97935770195363
7185_train,28.135407690934347
1139_train,27.989053812066423
4056_train,27.986832410694866
1242_train,27.97935770195363
2992_train,27.989053812066423
4545_train,27.993020741172316
7282_train,27.97935770195363
4022_train,27.97935770195363
8555_train,27.986832410694866
5683_train,27.97935770195363
3454_train,27.986832410694866
2826_train,27.97935770195363
6622_train,27.97935770195363
5445_train,27.989053812066423
3185_train,27.989053812066423
3178_train,27.97935770195363
4487_train,27.97935770195363
3989_train,27.97935770195363
8118_train,27.97935770195363
6376_train,27.986832410694866
5117_train,27.97935770195363
3627_train,27.97935770195363
7548_train,28.135407690934347
4292_train,27.989053812066423
231_train,27.986832410694866
596_train,27.97935770195363
7214_train,28.003871223191222
8245_train,27.97935770195363
6517_train,27.986473817215014
3184_train,27.986473817215014
1564_train,28.278736148689937
7777_train,27.97935770195363
888_train,27.993020741172316
137_train,27.97935770195363
3827_train,27.97935770195363
5106_train,27.97935770195363
2549_train,27.989053812066423
1386_train,27.986832410694866
8542_train,27.986832410694866
2637_train,27.97935770195363
1347_train,27.97935770195363
4893_train,27.97935770195363
3473_train,27.97935770195363
3938_train,27.97935770195363
5324_train,27.989053812066423
766_train,27.986832410694866
4503_train,27.97935770195363
7880_train,28.00176105709912
457_train,27.989053812066423
4168_train,27.986832410694866
2247_train,27.97935770195363
4309_train,28.016544138227616
7470_train,27.993020741172316
3584_train,27.97935770195363
6288_train,28.027666039374427
6237_train,27.97935770195363
5124_train,27.986832410694866
3788_train,27.986832410694866
2287_train,28.003871223191222
4826_train,27.986473817215014
3130_train,28.134636483463886
6808_train,28.011982266304646
1344_train,27.989053812066423
8392_train,27.97935770195363
3304_train,27.989053812066423
3661_train,27.97935770195363
6632_train,27.97935770195363
7926_train,28.016544138227616
4907_train,28.224900984107514
4844_train,27.993020741172316
7248_train,27.97935770195363
3095_train,27.97935770195363
4954_train,27.989053812066423
3731_train,27.986832410694866
2026_train,28.016544138227616
5183_train,27.97935770195363
1415_train,27.989053812066423
7570_train,27.989053812066423
4258_train,27.97935770195363
7912_train,28.00176105709912
1906_train,28.081212955097048
5051_train,27.989053812066423
2557_train,27.986832410694866
169_train,27.989053812066423
5591_train,27.986832410694866
5340_train,27.989053812066423
3805_train,27.989053812066423
6770_train,27.986832410694866
6806_train,27.989053812066423
4555_train,27.986832410694866
6705_train,27.986832410694866
7463_train,27.97935770195363
4549_train,27.97935770195363
6291_train,27.986473817215014
7952_train,27.97935770195363
455_train,27.986832410694866
7476_train,27.97935770195363
6366_train,27.97935770195363
3778_train,28.011982266304646
4546_train,27.97935770195363
1253_train,27.990530935807058
2067_train,27.986832410694866
6941_train,27.97935770195363
56_train,27.97935770195363
4540_train,27.97935770195363
2503_train,27.97935770195363
6581_train,28.0282326371738
1648_train,27.989053812066423
3246_train,27.97935770195363
1512_train,27.97935770195363
5766_train,28.03792041235003
3385_train,27.986832410694866
671_train,27.989053812066423
8518_train,27.97935770195363
3846_train,27.97935770195363
5138_train,27.97935770195363
141_train,27.986832410694866
2372_train,27.97935770195363
3651_train,27.986832410694866
253_train,27.986832410694866
7619_train,27.97935770195363
6663_train,28.03792041235003
715_train,28.134636483463886
218_train,27.989053812066423
5469_train,27.993020741172316
5510_train,27.97935770195363
1157_train,27.986832410694866
3229_train,27.989053812066423
1935_train,27.97935770195363
3034_train,27.97935770195363
2463_train,27.97935770195363
7216_train,27.97935770195363
7928_train,27.97935770195363
6865_train,27.986832410694866
3026_train,27.97935770195363
5715_train,27.986832410694866
7390_train,27.993020741172316
4248_train,27.986832410694866
3683_train,27.986832410694866
979_train,27.97935770195363
6718_train,27.97935770195363
2474_train,27.97935770195363
805_train,28.359269006197902
4386_train,28.016544138227616
1363_train,27.986832410694866
5178_train,27.97935770195363
5360_train,27.986832410694866
6096_train,27.97935770195363
1649_train,27.97935770195363
6771_train,27.989053812066423
6022_train,27.986832410694866
3391_train,27.97935770195363
2754_train,27.986832410694866
2369_train,27.97935770195363
4988_train,27.97935770195363
2235_train,27.97935770195363
5177_train,27.986832410694866
6463_train,28.134636483463886
7316_train,27.97935770195363
216_train,27.989053812066423
721_train,27.989053812066423
189_train,27.97935770195363
5840_train,27.993020741172316
7336_train,28.09282262403208
4143_train,27.993020741172316
5623_train,27.986832410694866
6655_train,27.97935770195363
2044_train,28.003871223191222
6942_train,28.02964719653672
491_train,28.09282262403208
799_train,27.97935770195363
3705_train,27.97935770195363
8275_train,27.97935770195363
7967_train,27.97935770195363
2382_train,27.986832410694866
371_train,27.993020741172316
5101_train,28.078657970060803
3025_train,28.003871223191222
1903_train,28.011982266304646
854_train,27.97935770195363
4278_train,27.97935770195363
1379_train,27.97935770195363
7250_train,27.986832410694866
4683_train,28.047585912731872
2709_train,27.986832410694866
3908_train,28.016544138227616
3724_train,27.97935770195363
7475_train,28.078657970060803
1694_train,27.97935770195363
3135_train,27.97935770195363
7582_train,27.986832410694866
6400_train,27.986832410694866
537_train,27.97935770195363
1444_train,27.989053812066423
8494_train,27.986832410694866
1323_train,27.97935770195363
1782_train,27.97935770195363
4967_train,27.97935770195363
3177_train,27.97935770195363
5480_train,27.986832410694866
2252_train,27.993020741172316
6121_train,27.97935770195363
2185_train,27.97935770195363
5688_train,27.989053812066423
364_train,27.97935770195363
847_train,27.989053812066423
6947_train,27.97935770195363
5379_train,27.97935770195363
8242_train,27.986832410694866
7328_train,27.97935770195363
5006_train,27.97935770195363
4722_train,27.97935770195363
7057_train,27.97935770195363
6086_train,27.97935770195363
4528_train,28.451891521265097
89_train,27.989053812066423
6098_train,28.09282262403208
7398_train,27.989053812066423
4219_train,27.993020741172316
3770_train,27.989053812066423
3647_train,27.97935770195363
5426_train,28.03792041235003
6781_train,27.97935770195363
2361_train,27.989053812066423
905_train,28.451891521265097
4347_train,28.153074120362767
4385_train,28.135407690934347
3272_train,27.986832410694866
1597_train,27.97935770195363
3191_train,27.97935770195363
2414_train,27.990530935807058
4051_train,27.97935770195363
4197_train,27.986473817215014
494_train,27.97935770195363
1763_train,28.003871223191222
4407_train,28.359269006197902
3274_train,27.989053812066423
6849_train,28.135407690934347
2129_train,27.986832410694866
770_train,27.97935770195363
7788_train,27.986832410694866
1384_train,27.989053812066423
88_train,27.97935770195363
1290_train,27.97935770195363
2495_train,27.97935770195363
3380_train,27.97935770195363
1488_train,28.451891521265097
7435_train,27.989053812066423
2830_train,28.03792041235003
6070_train,27.97935770195363
6789_train,27.97935770195363
4031_train,28.09282262403208
1776_train,27.97935770195363
2681_train,27.97935770195363
7523_train,28.020601653245453
5378_train,28.278736148689937
8224_train,28.003871223191222
3367_train,27.97935770195363
5402_train,27.986473817215014
4686_train,27.97935770195363
3159_train,27.993020741172316
539_train,27.97935770195363
29_train,27.97935770195363
3916_train,27.97935770195363
2568_train,28.03792041235003
4342_train,27.986832410694866
4716_train,27.97935770195363
2174_train,27.97935770195363
1889_train,27.986832410694866
7572_train,27.97935770195363
366_train,27.97935770195363
2958_train,27.97935770195363
2425_train,27.97935770195363
6372_train,27.986832410694866
5458_train,27.989053812066423
4917_train,27.989053812066423
3427_train,28.227531573665544
4898_train,27.986832410694866
6554_train,27.986832410694866
3782_train,27.97935770195363
2687_train,28.135407690934347
4195_train,27.989053812066423
2254_train,27.989053812066423
5834_train,27.97935770195363
1916_train,27.989053812066423
5551_train,27.97935770195363
4987_train,27.97935770195363
453_train,27.97935770195363
1458_train,27.986832410694866
2359_train,27.989053812066423
919_train,27.986832410694866
1815_train,27.97935770195363
5476_train,27.986832410694866
8477_train,27.986832410694866
5605_train,27.97935770195363
5267_train,27.986832410694866
8013_train,27.986832410694866
8112_train,27.97935770195363
1300_train,27.97935770195363
6933_train,27.97935770195363
7664_train,27.97935770195363
4100_train,27.97935770195363
7422_train,27.97935770195363
4996_train,27.97935770195363
4858_train,27.97935770195363
2815_train,27.97935770195363
7168_train,27.990530935807058
3754_train,27.97935770195363
2610_train,27.989053812066423
2263_train,27.97935770195363
5078_train,27.97935770195363
4620_train,28.011982266304646
2130_train,27.986832410694866
4141_train,27.97935770195363
3296_train,28.227531573665544
4863_train,27.986832410694866
7046_train,27.993020741172316
8424_train,27.986832410694866
7320_train,27.97935770195363
8299_train,27.97935770195363
6439_train,27.97935770195363
3634_train,27.989053812066423
7015_train,27.986832410694866
836_train,27.97935770195363
7150_train,27.97935770195363
3698_train,27.97935770195363
7921_train,27.97935770195363
7906_train,27.97935770195363
4242_train,28.016544138227616
2225_train,27.97935770195363
4629_train,28.278736148689937
4963_train,27.97935770195363
4685_train,27.97935770195363
7972_train,27.990530935807058
4388_train,27.97935770195363
572_train,28.00176105709912
5123_train,27.986832410694866
987_train,27.97935770195363
1266_train,27.97935770195363
5231_train,28.047585912731872
1841_train,27.986832410694866
4029_train,27.97935770195363
1497_train,28.0282326371738
903_train,27.97935770195363
1786_train,27.986832410694866
2772_train,28.047585912731872
6166_train,27.989053812066423
4818_train,28.09282262403208
4244_train,27.97935770195363
7114_train,28.134636483463886
2811_train,27.993020741172316
7774_train,27.97935770195363
1304_train,27.986473817215014
7888_train,28.03792041235003
560_train,27.97935770195363
7861_train,27.97935770195363
2680_train,27.989053812066423
3089_train,27.986832410694866
5640_train,28.003871223191222
367_train,27.97935770195363
8338_train,27.97935770195363
6416_train,27.97935770195363
447_train,27.986473817215014
7497_train,27.97935770195363
1374_train,27.97935770195363
5843_train,27.986832410694866
6171_train,28.020601653245453
8354_train,28.047585912731872
5804_train,27.97935770195363
3871_train,27.97935770195363
501_train,27.97935770195363
1149_train,27.986832410694866
1358_train,27.97935770195363
6359_train,27.97935770195363
7019_train,27.986832410694866
2484_train,27.97935770195363
8226_train,27.97935770195363
2196_train,27.97935770195363
7650_train,27.986832410694866
4794_train,27.97935770195363
4113_train,27.97935770195363
8371_train,27.97935770195363
3375_train,27.97935770195363
1118_train,27.97935770195363
2393_train,27.97935770195363
7302_train,27.97935770195363
667_train,28.135407690934347
7062_train,27.97935770195363
3515_train,27.989053812066423
6615_train,27.97935770195363
3468_train,28.451891521265097
3560_train,27.97935770195363
7219_train,27.993020741172316
580_train,27.986832410694866
2387_train,27.986832410694866
3522_train,27.989053812066423
5320_train,27.97935770195363
4005_train,27.986832410694866
454_train,27.97935770195363
8039_train,28.135407690934347
7714_train,28.134636483463886
1277_train,27.97935770195363
6737_train,27.986832410694866
4566_train,27.989053812066423
7672_train,27.97935770195363
3223_train,27.990530935807058
4418_train,27.97935770195363
6528_train,27.97935770195363
1479_train,28.011982266304646
923_train,27.97935770195363
1743_train,27.986832410694866
6217_train,27.986832410694866
6069_train,27.97935770195363
6114_train,27.97935770195363
8009_train,27.986832410694866
3344_train,28.227531573665544
7705_train,28.00176105709912
5969_train,28.003871223191222
4000_train,27.97935770195363
3738_train,27.986832410694866
8031_train,27.97935770195363
7371_train,27.97935770195363
2231_train,27.989053812066423
742_train,27.97935770195363
819_train,27.986832410694866
4605_train,27.97935770195363
6062_train,27.97935770195363
4578_train,27.97935770195363
7187_train,27.97935770195363
3710_train,27.97935770195363
3261_train,27.989053812066423
2659_train,27.97935770195363
6597_train,27.97935770195363
1461_train,27.97935770195363
7887_train,27.97935770195363
6284_train,28.03269364287991
4680_train,28.011982266304646
3632_train,27.97935770195363
6643_train,27.97935770195363
7711_train,27.97935770195363
2476_train,27.97935770195363
8227_train,27.97935770195363
275_train,27.986832410694866
5996_train,27.97935770195363
8004_train,27.97935770195363
1514_train,28.12217591573242
1627_train,28.011982266304646
6939_train,28.080281582885142
863_train,28.011982266304646
4263_train,27.993020741172316
780_train,27.986832410694866
7458_train,28.03792041235003
1707_train,27.986832410694866
5094_train,27.986832410694866
5132_train,27.97935770195363
8099_train,27.97935770195363
526_train,27.97935770195363
4424_train,27.97935770195363
5349_train,27.97935770195363
5893_train,27.97935770195363
803_train,27.989053812066423
3797_train,27.97935770195363
3091_train,27.97935770195363
8024_train,27.986832410694866
5013_train,27.986832410694866
569_train,27.986832410694866
3169_train,27.97935770195363
5988_train,27.97935770195363
8172_train,27.990530935807058
3678_train,27.989053812066423
550_train,27.97935770195363
3914_train,27.97935770195363
6870_train,27.97935770195363
3195_train,27.989053812066423
6857_train,27.986832410694866
6128_train,28.153074120362767
3369_train,27.97935770195363
4294_train,27.97935770195363
7864_train,27.993020741172316
2880_train,27.97935770195363
3512_train,27.97935770195363
1596_train,27.97935770195363
6629_train,27.97935770195363
7076_train,27.97935770195363
6184_train,27.97935770195363
2260_train,28.153074120362767
2612_train,27.97935770195363
4733_train,28.09282262403208
2794_train,27.986832410694866
4923_train,27.97935770195363
6936_train,27.986832410694866
4804_train,27.986832410694866
3884_train,27.986473817215014
1981_train,28.011982266304646
3534_train,27.97935770195363
5463_train,27.97935770195363
6728_train,27.986832410694866
4301_train,28.003871223191222
5792_train,27.97935770195363
2050_train,27.97935770195363
2849_train,27.97935770195363
469_train,27.97935770195363
7152_train,27.993020741172316
5889_train,27.97935770195363
7680_train,27.986832410694866
6338_train,27.97935770195363
717_train,27.97935770195363
2820_train,27.989053812066423
6167_train,27.989053812066423
3358_train,27.97935770195363
5237_train,27.97935770195363
3717_train,27.97935770195363
4632_train,27.993020741172316
2694_train,27.989053812066423
2747_train,27.97935770195363
6744_train,27.97935770195363
4023_train,27.97935770195363
4924_train,27.97935770195363
7966_train,27.986832410694866
6494_train,27.97935770195363
694_train,27.97935770195363
37_train,27.993020741172316
2789_train,28.011982266304646
1166_train,27.986832410694866
2793_train,27.97935770195363
7195_train,27.986832410694866
2233_train,27.97935770195363
7128_train,27.989053812066423
1567_train,27.97935770195363
7444_train,27.97935770195363
7883_train,27.986832410694866
6342_train,27.97935770195363
586_train,27.97935770195363
1965_train,27.97935770195363
7560_train,27.989053812066423
728_train,27.97935770195363
2599_train,27.986832410694866
7278_train,27.97935770195363
3630_train,27.97935770195363
3546_train,27.97935770195363
153_train,28.227531573665544
617_train,28.224900984107514
4763_train,28.020601653245453
6868_train,27.989053812066423
4910_train,27.97935770195363
8532_train,28.134636483463886
3605_train,27.97935770195363
6815_train,28.003871223191222
4983_train,28.135407690934347
4016_train,27.97935770195363
8553_train,27.97935770195363
1189_train,27.986832410694866
5738_train,27.986832410694866
6369_train,28.016544138227616
512_train,27.989053812066423
2108_train,27.97935770195363
8481_train,28.0282326371738
4971_train,27.97935770195363
6092_train,28.227531573665544
3806_train,27.97935770195363
4514_train,27.97935770195363
815_train,27.986832410694866
3822_train,27.986832410694866
6021_train,27.97935770195363
1493_train,27.986832410694866
7697_train,27.97935770195363
3923_train,27.97935770195363
22_train,27.97935770195363
500_train,27.989053812066423
5796_train,27.97935770195363
373_train,27.97935770195363
21_train,27.97935770195363
3469_train,27.97935770195363
1050_train,28.03792041235003
8003_train,27.989053812066423
7899_train,27.989053812066423
2977_train,27.97935770195363
4174_train,28.011982266304646
5310_train,27.97935770195363
206_train,27.989053812066423
7811_train,28.016544138227616
194_train,27.990530935807058
7217_train,27.986832410694866
6360_train,27.97935770195363
1523_train,27.97935770195363
2506_train,27.993020741172316
1395_train,27.97935770195363
7737_train,27.989053812066423
2553_train,27.97935770195363
7868_train,28.03269364287991
1753_train,27.97935770195363
7718_train,27.97935770195363
7885_train,27.97935770195363
7725_train,27.97935770195363
837_train,27.993020741172316
3175_train,27.986832410694866
5038_train,27.97935770195363
503_train,27.97935770195363
558_train,27.97935770195363
5906_train,27.986832410694866
2401_train,27.97935770195363
1671_train,28.134636483463886
8230_train,27.97935770195363
577_train,27.986473817215014
6200_train,27.97935770195363
1119_train,27.993020741172316
552_train,27.97935770195363
6984_train,27.97935770195363
4720_train,28.075958473198703
1878_train,27.97935770195363
3050_train,28.003871223191222
4442_train,27.97935770195363
68_train,28.016544138227616
7835_train,27.986832410694866
7396_train,27.97935770195363
3525_train,27.986832410694866
851_train,27.97935770195363
6203_train,27.97935770195363
323_train,28.09282262403208
1518_train,27.97935770195363
309_train,27.97935770195363
3952_train,27.97935770195363
1524_train,27.986832410694866
4063_train,27.989053812066423
8177_train,27.97935770195363
4421_train,27.97935770195363
3387_train,27.97935770195363
2670_train,27.97935770195363
5334_train,27.97935770195363
1780_train,27.97935770195363
730_train,28.03792041235003
4666_train,28.020601653245453
5894_train,27.97935770195363
1481_train,27.989053812066423
2546_train,27.97935770195363
5009_train,27.989053812066423
4616_train,27.989053812066423
5214_train,28.134636483463886
3600_train,27.986832410694866
7419_train,28.134636483463886
3990_train,27.97935770195363
4093_train,27.989053812066423
5039_train,27.97935770195363
1265_train,27.989053812066423
2803_train,27.993020741172316
4321_train,27.97935770195363
2014_train,28.224900984107514
5450_train,27.986832410694866
2817_train,28.075958473198703
6260_train,27.97935770195363
5855_train,27.990530935807058
8135_train,27.986473817215014
1357_train,27.97935770195363
119_train,27.986832410694866
7324_train,27.97935770195363
2055_train,28.047585912731872
5924_train,27.97935770195363
1452_train,27.986832410694866
8133_train,27.986473817215014
2848_train,27.97935770195363
3416_train,27.97935770195363
4356_train,28.134636483463886
7381_train,27.97935770195363
2059_train,27.97935770195363
1222_train,27.97935770195363
5664_train,27.97935770195363
2146_train,27.97935770195363
6552_train,27.986832410694866
362_train,27.986832410694866
5639_train,27.97935770195363
5356_train,27.97935770195363
1975_train,28.020601653245453
4417_train,27.97935770195363
3982_train,27.97935770195363
6599_train,27.97935770195363
7518_train,27.986473817215014
5188_train,27.97935770195363
1_train,27.986832410694866
3554_train,27.97935770195363
6352_train,27.986473817215014
6281_train,27.97935770195363
902_train,28.016544138227616
6979_train,27.97935770195363
4364_train,27.97935770195363
6382_train,27.986832410694866
894_train,27.989053812066423
6920_train,27.97935770195363
7591_train,27.986832410694866
8181_train,27.97935770195363
7908_train,28.080281582885142
6419_train,27.986832410694866
7434_train,27.97935770195363
1010_train,27.986832410694866
1673_train,27.989053812066423
1502_train,27.97935770195363
1418_train,27.97935770195363
3992_train,27.97935770195363
4860_train,27.993020741172316
3207_train,27.989053812066423
4428_train,27.97935770195363
1701_train,27.986832410694866
5258_train,27.986832410694866
165_train,27.97935770195363
4612_train,27.97935770195363
2464_train,28.12217591573242
7785_train,27.986832410694866
7485_train,27.97935770195363
8079_train,27.989053812066423
4939_train,28.278736148689937
6935_train,27.986832410694866
178_train,27.989053812066423
921_train,27.986832410694866
3036_train,28.134636483463886
7394_train,27.97935770195363
180_train,27.97935770195363
1730_train,27.97935770195363
5891_train,27.97935770195363
5500_train,27.97935770195363
1226_train,27.990530935807058
1873_train,27.97935770195363
7204_train,27.986832410694866
5409_train,27.986473817215014
7645_train,27.97935770195363
2194_train,28.134636483463886
269_train,27.986832410694866
136_train,27.97935770195363
1359_train,27.97935770195363
2609_train,27.97935770195363
7453_train,27.986832410694866
7086_train,27.97935770195363
7872_train,27.97935770195363
6588_train,28.153074120362767
7527_train,27.97935770195363
1133_train,27.97935770195363
322_train,28.080281582885142
7831_train,27.97935770195363
2208_train,27.986832410694866
6505_train,27.97935770195363
2851_train,27.97935770195363
746_train,27.986832410694866
5884_train,27.989053812066423
6499_train,28.047585912731872
5528_train,27.97935770195363
7821_train,27.989053812066423
931_train,27.986473817215014
1883_train,27.97935770195363
6058_train,27.97935770195363
4865_train,27.97935770195363
4468_train,28.016544138227616
1912_train,27.986832410694866
1376_train,27.989053812066423
2882_train,27.986832410694866
6068_train,27.990530935807058
7321_train,27.97935770195363
7267_train,27.986832410694866
4699_train,27.986832410694866
3424_train,28.080281582885142
1765_train,27.989053812066423
1006_train,28.03792041235003
4338_train,27.97935770195363
2239_train,27.97935770195363
4182_train,28.03792041235003
3236_train,27.986832410694866
234_train,27.986832410694866
4743_train,27.989053812066423
6036_train,27.97935770195363
5564_train,27.97935770195363
7417_train,28.278736148689937
444_train,27.97935770195363
722_train,27.97935770195363
6396_train,27.97935770195363
7210_train,27.97935770195363
210_train,27.97935770195363
1460_train,27.990530935807058
2654_train,27.989053812066423
3450_train,27.986832410694866
7876_train,27.989053812066423
988_train,27.97935770195363
1686_train,27.986832410694866
6233_train,27.97935770195363
2403_train,27.97935770195363
7617_train,27.989053812066423
5700_train,28.075958473198703
6273_train,28.135407690934347
3967_train,27.986832410694866
5549_train,27.989053812066423
152_train,27.97935770195363
602_train,27.97935770195363
3319_train,27.97935770195363
7481_train,27.986832410694866
5565_train,27.97935770195363
7238_train,28.12217591573242
510_train,27.989053812066423
6263_train,27.986832410694866
1791_train,27.97935770195363
4129_train,28.03792041235003
615_train,27.97935770195363
6050_train,27.986832410694866
8084_train,27.97935770195363
2529_train,27.97935770195363
1516_train,27.97935770195363
7496_train,27.97935770195363
3054_train,27.986832410694866
2891_train,27.97935770195363
4959_train,27.986832410694866
3127_train,27.97935770195363
551_train,27.97935770195363
6005_train,27.97935770195363
845_train,27.986832410694866
333_train,27.97935770195363
7367_train,27.97935770195363
2847_train,28.047585912731872
4340_train,27.97935770195363
7410_train,27.986832410694866
6690_train,27.97935770195363
754_train,27.97935770195363
5167_train,27.97935770195363
31_train,27.990530935807058
3030_train,27.97935770195363
941_train,28.227531573665544
126_train,27.97935770195363
712_train,27.97935770195363
8073_train,27.97935770195363
1994_train,27.97935770195363
1989_train,27.97935770195363
7032_train,27.97935770195363
7657_train,27.993020741172316
3811_train,27.97935770195363
8413_train,27.989053812066423
6091_train,27.97935770195363
8447_train,27.986832410694866
2651_train,28.03792041235003
785_train,28.011982266304646
5162_train,27.97935770195363
4696_train,27.97935770195363
3601_train,27.97935770195363
285_train,27.986832410694866
7243_train,27.97935770195363
6357_train,27.97935770195363
3692_train,28.153074120362767
3794_train,28.0282326371738
5619_train,27.989053812066423
3377_train,27.986832410694866
7163_train,27.97935770195363
2971_train,27.97935770195363
8437_train,27.986832410694866
8335_train,27.986473817215014
7685_train,28.09282262403208
668_train,27.97935770195363
2288_train,28.134636483463886
747_train,27.97935770195363
8068_train,28.075958473198703
7140_train,27.97935770195363
6543_train,27.986832410694866
164_train,27.97935770195363
277_train,27.97935770195363
6169_train,27.97935770195363
5090_train,27.97935770195363
834_train,28.0282326371738
4654_train,27.993020741172316
5938_train,27.97935770195363
675_train,27.97935770195363
4040_train,27.986832410694866
3098_train,27.97935770195363
4552_train,27.989053812066423
6383_train,27.97935770195363
6218_train,27.97935770195363
1137_train,27.97935770195363
3988_train,27.986832410694866
4443_train,27.97935770195363
6034_train,27.97935770195363
8362_train,27.989053812066423
2081_train,27.97935770195363
7270_train,27.97935770195363
4948_train,27.97935770195363
2737_train,27.97935770195363
5396_train,27.97935770195363
7202_train,27.989053812066423
8213_train,27.986832410694866
6822_train,27.986832410694866
5150_train,27.97935770195363
3431_train,27.986832410694866
1305_train,27.97935770195363
7107_train,27.97935770195363
4701_train,28.134636483463886
563_train,27.97935770195363
2007_train,27.97935770195363
3047_train,27.986832410694866
6330_train,27.97935770195363
7147_train,27.97935770195363
8306_train,27.97935770195363
6514_train,27.989053812066423
4787_train,27.986832410694866
5964_train,27.97935770195363
7314_train,27.97935770195363
1400_train,27.986832410694866
67_train,27.986832410694866
1247_train,27.97935770195363
603_train,27.993020741172316
5180_train,27.97935770195363
5181_train,27.97935770195363
2745_train,27.986832410694866
4517_train,27.990530935807058
1894_train,27.993020741172316
128_train,27.97935770195363
3864_train,27.990530935807058
3707_train,27.97935770195363
5625_train,27.97935770195363
4245_train,27.97935770195363
6324_train,27.986832410694866
2143_train,27.986832410694866
4059_train,27.97935770195363
2562_train,27.986832410694866
8550_train,27.97935770195363
424_train,27.97935770195363
6477_train,28.078657970060803
7285_train,27.993020741172316
7626_train,27.986832410694866
5941_train,28.135407690934347
769_train,27.993020741172316
4108_train,27.989053812066423
8316_train,27.986832410694866
7982_train,27.97935770195363
529_train,27.97935770195363
3749_train,28.003871223191222
4080_train,27.97935770195363
3880_train,28.016544138227616
1565_train,27.97935770195363
5299_train,28.227531573665544
7985_train,27.97935770195363
3275_train,27.97935770195363
3736_train,27.97935770195363
5230_train,27.986832410694866
1827_train,27.97935770195363
4178_train,27.986832410694866
1106_train,27.97935770195363
3382_train,27.97935770195363
917_train,27.97935770195363
4260_train,28.020601653245453
6266_train,27.97935770195363
6295_train,27.97935770195363
5467_train,27.986473817215014
2798_train,27.97935770195363
7648_train,27.97935770195363
5327_train,27.97935770195363
3066_train,27.986832410694866
4627_train,27.97935770195363
1967_train,27.97935770195363
4790_train,27.97935770195363
4283_train,27.97935770195363
5044_train,27.97935770195363
998_train,27.97935770195363
2859_train,27.97935770195363
5615_train,27.97935770195363
8274_train,27.989053812066423
598_train,28.080281582885142
8244_train,27.97935770195363
6004_train,27.97935770195363
295_train,27.97935770195363
3256_train,27.986832410694866
488_train,27.986832410694866
4374_train,27.97935770195363
2364_train,27.97935770195363
4984_train,28.03792041235003
2806_train,27.97935770195363
1046_train,27.97935770195363
4235_train,27.97935770195363
928_train,27.986832410694866
1867_train,27.986832410694866
1762_train,27.97935770195363
1823_train,27.97935770195363
1775_train,27.986832410694866
5937_train,27.989053812066423
7818_train,28.03792041235003
793_train,27.97935770195363
8207_train,27.993020741172316
2990_train,27.97935770195363
2632_train,27.97935770195363
4314_train,27.97935770195363
2896_train,27.993020741172316
4363_train,27.97935770195363
4734_train,27.97935770195363
7893_train,27.989053812066423
6706_train,27.97935770195363
843_train,27.97935770195363
3610_train,27.97935770195363
2945_train,27.986832410694866
4691_train,27.993020741172316
5471_train,27.986832410694866
1182_train,27.97935770195363
1907_train,27.97935770195363
151_train,27.97935770195363
3709_train,27.97935770195363
7126_train,27.986473817215014
4934_train,27.989053812066423
6318_train,27.989053812066423
6856_train,27.97935770195363
606_train,27.97935770195363
1254_train,28.011982266304646
7081_train,27.97935770195363
5229_train,27.986832410694866
3434_train,28.451891521265097
1155_train,27.986832410694866
2277_train,27.97935770195363
4772_train,27.986832410694866
8283_train,27.97935770195363
158_train,27.97935770195363
1854_train,27.993020741172316
5993_train,27.989053812066423
7266_train,27.97935770195363
638_train,28.03792041235003
2908_train,28.02964719653672
6957_train,28.359269006197902
2392_train,27.990530935807058
3206_train,27.97935770195363
2629_train,27.989053812066423
2556_train,27.990530935807058
6159_train,27.97935770195363
7462_train,27.97935770195363
543_train,27.97935770195363
5845_train,27.97935770195363
8503_train,27.986832410694866
305_train,28.011982266304646
3764_train,27.97935770195363
2395_train,27.986473817215014
5745_train,27.97935770195363
1546_train,27.97935770195363
2331_train,27.97935770195363
8368_train,27.986832410694866
7346_train,27.97935770195363
886_train,27.986832410694866
3435_train,28.020601653245453
8557_train,27.97935770195363
7855_train,27.990530935807058
6198_train,27.97935770195363
4949_train,28.011982266304646
5142_train,27.97935770195363
1570_train,27.97935770195363
4476_train,27.97935770195363
688_train,27.986832410694866
4554_train,28.016544138227616
5936_train,28.03792041235003
958_train,27.97935770195363
7804_train,28.09282262403208
2109_train,27.97935770195363
4232_train,28.020601653245453
4330_train,27.97935770195363
6426_train,27.989053812066423
1926_train,27.97935770195363
786_train,27.986832410694866
6594_train,27.97935770195363
1144_train,27.97935770195363
1181_train,28.135407690934347
3646_train,28.081212955097048
7066_train,27.989053812066423
6503_train,27.97935770195363
7600_train,27.97935770195363
6029_train,27.97935770195363
8530_train,27.989053812066423
4_train,28.011982266304646
6681_train,27.993020741172316
5853_train,27.97935770195363
2497_train,28.12217591573242
4477_train,27.97935770195363
3194_train,27.97935770195363
7408_train,27.97935770195363
7973_train,28.134636483463886
4970_train,27.97935770195363
6619_train,27.986473817215014
5574_train,27.97935770195363
2314_train,27.989053812066423
833_train,27.986832410694866
7262_train,27.97935770195363
772_train,27.97935770195363
5289_train,27.989053812066423
3924_train,27.97935770195363
4890_train,28.00176105709912
1501_train,28.278736148689937
5821_train,27.989053812066423
4183_train,28.135407690934347
809_train,27.97935770195363
7708_train,27.986832410694866
5721_train,27.97935770195363
2266_train,27.97935770195363
7813_train,27.97935770195363
3039_train,27.986473817215014
2485_train,27.97935770195363
385_train,27.989053812066423
4479_train,27.97935770195363
3613_train,27.97935770195363
7760_train,27.97935770195363
4702_train,27.986832410694866
588_train,28.003871223191222
5610_train,28.03792041235003
7491_train,27.97935770195363
4541_train,27.97935770195363
2191_train,27.986832410694866
3041_train,27.986832410694866
6897_train,27.989053812066423
2381_train,27.97935770195363
5284_train,27.993020741172316
8423_train,27.97935770195363
2922_train,27.97935770195363
7935_train,27.990530935807058
2177_train,27.989053812066423
6133_train,27.989053812066423
1085_train,27.97935770195363
4391_train,27.986473817215014
6129_train,28.011982266304646
7535_train,27.97935770195363
6563_train,27.97935770195363
1720_train,27.989053812066423
8453_train,27.986832410694866
3612_train,27.97935770195363
1435_train,27.986832410694866
5154_train,27.989053812066423
3752_train,27.986832410694866
7949_train,27.97935770195363
7025_train,27.97935770195363
5909_train,27.989053812066423
426_train,28.016544138227616
7669_train,27.97935770195363
2199_train,27.97935770195363
4117_train,27.97935770195363
4677_train,27.97935770195363
4531_train,27.97935770195363
3571_train,27.986832410694866
4651_train,27.97935770195363
1015_train,27.97935770195363
7176_train,27.97935770195363
4667_train,27.97935770195363
5714_train,27.97935770195363
1551_train,27.97935770195363
6308_train,27.993020741172316
7370_train,27.97935770195363
3592_train,27.97935770195363
8517_train,27.986832410694866
5560_train,27.97935770195363
796_train,27.986832410694866
7730_train,27.986832410694866
1407_train,27.97935770195363
8325_train,27.97935770195363
8030_train,27.986832410694866
1688_train,27.989053812066423
8314_train,28.00176105709912
3133_train,27.97935770195363
2097_train,27.97935770195363
8171_train,27.97935770195363
908_train,27.97935770195363
13_train,27.986832410694866
5277_train,27.986832410694866
6223_train,27.993020741172316
5807_train,27.990530935807058
8419_train,27.97935770195363
5353_train,27.990530935807058
1531_train,27.986832410694866
2538_train,27.97935770195363
1079_train,27.97935770195363
4064_train,27.97935770195363
4641_train,27.986832410694866
7131_train,28.03792041235003
3016_train,27.97935770195363
7260_train,27.993020741172316
1646_train,27.986832410694866
6607_train,27.989053812066423
7338_train,27.986832410694866
2000_train,27.990530935807058
3687_train,27.97935770195363
6713_train,27.97935770195363
7145_train,27.97935770195363
2442_train,27.97935770195363
7767_train,27.986473817215014
4615_train,27.97935770195363
8251_train,27.97935770195363
3251_train,27.97935770195363
8556_train,28.451891521265097
4726_train,27.97935770195363
6060_train,28.03792041235003
3897_train,27.97935770195363
17_train,27.97935770195363
170_train,27.97935770195363
4162_train,27.97935770195363
4377_train,27.986832410694866
4054_train,27.97935770195363
4233_train,27.986832410694866
2720_train,27.97935770195363
5478_train,27.97935770195363
4473_train,27.989053812066423
1604_train,27.97935770195363
827_train,27.97935770195363
23_train,27.97935770195363
1667_train,27.97935770195363
4398_train,27.986832410694866
5663_train,27.97935770195363
2272_train,28.09282262403208
2884_train,27.97935770195363
1938_train,27.989053812066423
2462_train,27.993020741172316
3820_train,27.989053812066423
2198_train,27.97935770195363
3004_train,27.97935770195363
5174_train,27.986832410694866
2575_train,27.97935770195363
8398_train,27.97935770195363
4633_train,27.986832410694866
3087_train,28.03792041235003
2986_train,27.97935770195363
4638_train,27.97935770195363
2144_train,27.97935770195363
6620_train,28.047585912731872
191_train,27.97935770195363
3540_train,27.97935770195363
8357_train,27.97935770195363
7490_train,27.97935770195363
680_train,27.97935770195363
3065_train,28.003871223191222
1608_train,27.97935770195363
1031_train,27.97935770195363
650_train,27.97935770195363
7488_train,27.97935770195363
5707_train,27.97935770195363
1236_train,27.97935770195363
6386_train,27.993020741172316
2002_train,27.97935770195363
1759_train,27.97935770195363
6839_train,27.97935770195363
1877_train,27.97935770195363
740_train,28.359269006197902
1920_train,27.97935770195363
1855_train,27.97935770195363
2519_train,27.97935770195363
756_train,27.97935770195363
3282_train,27.989053812066423
7029_train,27.986832410694866
2541_train,27.97935770195363
145_train,28.011982266304646
8078_train,27.97935770195363
4165_train,27.986832410694866
5589_train,27.989053812066423
589_train,27.97935770195363
3830_train,28.016544138227616
2137_train,27.97935770195363
8093_train,28.016544138227616
1009_train,27.989053812066423
2774_train,27.986832410694866
7160_train,27.97935770195363
7303_train,27.993020741172316
6462_train,28.134636483463886
3667_train,27.97935770195363
2427_train,27.97935770195363
4712_train,27.97935770195363
7627_train,27.97935770195363
3877_train,27.993020741172316
4582_train,27.989053812066423
3043_train,27.97935770195363
5084_train,28.003871223191222
2128_train,27.97935770195363
239_train,27.97935770195363
8467_train,27.97935770195363
4014_train,27.990530935807058
4847_train,27.97935770195363
3745_train,27.986832410694866
3519_train,28.016544138227616
3892_train,27.97935770195363
2475_train,27.97935770195363
4469_train,27.97935770195363
331_train,28.016544138227616
7341_train,27.97935770195363
2309_train,27.993020741172316
2766_train,27.97935770195363
7613_train,27.97935770195363
6573_train,27.97935770195363
2645_train,27.986832410694866
5293_train,28.011982266304646
1543_train,27.97935770195363
1196_train,28.011982266304646
6630_train,27.986832410694866
1932_train,27.97935770195363
6045_train,27.986473817215014
8312_train,27.97935770195363
2885_train,27.97935770195363
4782_train,27.989053812066423
1647_train,28.011982266304646
6923_train,27.986832410694866
84_train,27.989053812066423
1562_train,27.97935770195363
7833_train,27.97935770195363
7724_train,27.97935770195363
3059_train,28.016544138227616
5126_train,27.989053812066423
8212_train,27.986832410694866
5572_train,27.97935770195363
7916_train,27.989053812066423
4929_train,27.97935770195363
6963_train,27.97935770195363
4001_train,28.227531573665544
2686_train,28.359269006197902
1583_train,27.97935770195363
3673_train,27.97935770195363
6214_train,27.97935770195363
3357_train,27.97935770195363
5153_train,27.97935770195363
7074_train,27.990530935807058
4543_train,28.003871223191222
7181_train,27.986832410694866
7356_train,27.97935770195363
5675_train,27.986832410694866
4873_train,27.97935770195363
1862_train,27.986832410694866
8551_train,28.0282326371738
2881_train,27.97935770195363
3042_train,28.03792041235003
437_train,27.97935770195363
3154_train,27.97935770195363
293_train,27.97935770195363
4483_train,27.97935770195363
4089_train,27.986473817215014
5846_train,27.97935770195363
8388_train,27.986832410694866
3137_train,27.97935770195363
5329_train,27.97935770195363
3421_train,27.97935770195363
6952_train,27.97935770195363
1315_train,27.97935770195363
2699_train,27.993020741172316
1566_train,28.075958473198703
6556_train,27.986832410694866
839_train,28.027666039374427
3243_train,27.97935770195363
2099_train,27.986832410694866
3172_train,27.989053812066423
1829_train,27.986832410694866
5066_train,28.227531573665544
20_train,27.986832410694866
485_train,27.990530935807058
5163_train,27.97935770195363
2448_train,27.97935770195363
8265_train,27.993020741172316
5837_train,27.97935770195363
4110_train,28.027666039374427
656_train,28.027666039374427
193_train,27.986832410694866
497_train,27.97935770195363
7494_train,27.97935770195363
4202_train,27.97935770195363
496_train,27.97935770195363
5608_train,27.97935770195363
704_train,28.09282262403208
7686_train,27.989053812066423
2732_train,27.986832410694866
940_train,27.97935770195363
3829_train,28.03792041235003
6508_train,28.080281582885142
7380_train,27.986832410694866
720_train,27.97935770195363
1393_train,27.97935770195363
5973_train,28.12217591573242
5377_train,28.03792041235003
5538_train,27.97935770195363
6658_train,27.97935770195363
4964_train,27.97935770195363
3333_train,27.986832410694866
4721_train,28.03792041235003
1590_train,28.03792041235003
7148_train,27.97935770195363
3273_train,27.97935770195363
2854_train,27.986832410694866
3912_train,27.97935770195363
6425_train,27.97935770195363
6294_train,27.986832410694866
2679_train,28.047585912731872
3659_train,27.97935770195363
2295_train,27.97935770195363
2571_train,27.97935770195363
2010_train,27.989053812066423
2580_train,28.011982266304646
236_train,27.986832410694866
3439_train,27.97935770195363
1539_train,27.986473817215014
546_train,27.97935770195363
8479_train,27.97935770195363
516_train,27.993020741172316
3810_train,27.986832410694866
893_train,27.97935770195363
3743_train,27.986832410694866
4456_train,27.97935770195363
6755_train,27.989053812066423
1586_train,27.97935770195363
3394_train,27.989053812066423
8106_train,27.986832410694866
4181_train,27.986832410694866
943_train,28.011982266304646
1879_train,27.97935770195363
2912_train,27.97935770195363
2380_train,27.97935770195363
2431_train,27.97935770195363
6831_train,27.97935770195363
3165_train,27.986832410694866
7800_train,27.986832410694866
3741_train,27.97935770195363
7466_train,27.97935770195363
7080_train,27.97935770195363
666_train,27.986473817215014
5512_train,28.02964719653672
992_train,27.97935770195363
6292_train,28.451891521265097
33_train,27.97935770195363
2192_train,27.97935770195363
6720_train,28.09282262403208
5382_train,28.09282262403208
171_train,27.97935770195363
6665_train,27.97935770195363
3079_train,27.97935770195363
4007_train,27.97935770195363
2355_train,28.135407690934347
3514_train,27.97935770195363
4613_train,27.97935770195363
4745_train,27.97935770195363
1212_train,27.986832410694866
3870_train,27.986832410694866
3715_train,27.97935770195363
4251_train,27.97935770195363
5980_train,27.97935770195363
5755_train,27.97935770195363
4812_train,28.03792041235003
536_train,27.97935770195363
5468_train,27.97935770195363
5750_train,28.016544138227616
7277_train,27.986473817215014
3437_train,27.97935770195363
7489_train,27.97935770195363
1165_train,27.97935770195363
6428_train,27.993020741172316
2056_train,28.075958473198703
5166_train,27.986832410694866
5489_train,27.97935770195363
3615_train,27.97935770195363
5948_train,27.97935770195363
1051_train,27.989053812066423
6507_train,28.027666039374427
1498_train,28.134636483463886
2269_train,28.03269364287991
7860_train,27.986832410694866
7810_train,28.03792041235003
1343_train,27.986832410694866
483_train,27.97935770195363
2282_train,27.97935770195363
6018_train,27.97935770195363
7199_train,27.97935770195363
1581_train,27.97935770195363
6716_train,27.986832410694866
7183_train,27.989053812066423
7326_train,27.986832410694866
1272_train,27.97935770195363
5393_train,27.986832410694866
7871_train,27.97935770195363
3865_train,27.97935770195363
5352_train,28.027666039374427
7587_train,27.97935770195363
8101_train,27.97935770195363
8189_train,28.224900984107514
3352_train,27.97935770195363
7374_train,27.993020741172316
3919_train,27.993020741172316
2296_train,27.97935770195363
1273_train,27.986832410694866
4076_train,27.97935770195363
5787_train,28.359269006197902
1532_train,27.97935770195363
4548_train,27.97935770195363
8076_train,27.97935770195363
3486_train,27.990530935807058
1059_train,27.986832410694866
5418_train,27.993020741172316
3637_train,27.97935770195363
871_train,27.97935770195363
3565_train,27.97935770195363
1575_train,27.97935770195363
1090_train,27.986832410694866
2421_train,27.97935770195363
8382_train,27.97935770195363
6409_train,27.97935770195363
4918_train,27.993020741172316
5479_train,27.97935770195363
4576_train,27.986832410694866
3441_train,27.97935770195363
6605_train,27.97935770195363
6329_train,27.993020741172316
3197_train,27.97935770195363
4560_train,27.990530935807058
7155_train,27.986832410694866
3821_train,27.97935770195363
7205_train,27.97935770195363
4210_train,27.97935770195363
575_train,27.97935770195363
7956_train,27.986832410694866
7468_train,27.97935770195363
310_train,27.986832410694866
2822_train,27.989053812066423
1738_train,27.97935770195363
3792_train,28.078657970060803
7779_train,27.986832410694866
3053_train,27.993020741172316
2027_train,28.011982266304646
4447_train,27.97935770195363
5345_train,27.990530935807058
2661_train,28.359269006197902
6787_train,27.989053812066423
3115_train,28.227531573665544
7132_train,27.97935770195363
2184_train,27.97935770195363
1331_train,27.97935770195363
798_train,28.016544138227616
6152_train,27.986832410694866
5543_train,27.986473817215014
338_train,27.97935770195363
1919_train,27.993020741172316
6553_train,28.12217591573242
5800_train,27.97935770195363
2098_train,27.97935770195363
702_train,27.97935770195363
4403_train,27.97935770195363
5869_train,27.97935770195363
5314_train,27.993020741172316
946_train,27.97935770195363
8471_train,27.97935770195363
3747_train,27.97935770195363
3222_train,27.986832410694866
8548_train,27.97935770195363
2860_train,27.97935770195363
661_train,27.990530935807058
60_train,28.011982266304646
302_train,27.97935770195363
3657_train,27.97935770195363
6020_train,27.986832410694866
3521_train,27.97935770195363
6688_train,28.03792041235003
4490_train,27.97935770195363
7358_train,27.97935770195363
356_train,27.986832410694866
3547_train,27.986832410694866
414_train,27.986832410694866
8484_train,27.97935770195363
568_train,28.00176105709912
4551_train,27.989053812066423
7920_train,27.97935770195363
561_train,27.97935770195363
5179_train,27.986832410694866
1089_train,27.97935770195363
1192_train,27.986832410694866
1021_train,27.97935770195363
5442_train,27.986473817215014
6776_train,27.97935770195363
7220_train,27.97935770195363
6173_train,27.97935770195363
4163_train,27.97935770195363
2829_train,27.97935770195363
8047_train,27.97935770195363
7826_train,27.97935770195363
1650_train,27.97935770195363
7322_train,27.97935770195363
5879_train,27.990530935807058
605_train,27.986832410694866
8054_train,27.986832410694866
7851_train,27.986832410694866
7311_train,27.97935770195363
65_train,28.016544138227616
3959_train,27.97935770195363
4786_train,28.075958473198703
7200_train,27.989053812066423
4060_train,27.97935770195363
513_train,27.97935770195363
944_train,27.97935770195363
8064_train,27.97935770195363
4152_train,27.97935770195363
5735_train,28.278736148689937
6244_train,27.986832410694866
7515_train,27.989053812066423
8289_train,28.359269006197902
2741_train,27.97935770195363
5912_train,27.97935770195363
2409_train,27.989053812066423
4048_train,27.986832410694866
3400_train,27.97935770195363
6415_train,27.97935770195363
3915_train,27.989053812066423
4866_train,27.986832410694866
2117_train,27.990530935807058
7265_train,27.97935770195363
5594_train,27.97935770195363
2703_train,27.986832410694866
1958_train,27.97935770195363
1891_train,27.986832410694866
8167_train,27.97935770195363
2008_train,27.986832410694866
3343_train,27.97935770195363
7299_train,27.993020741172316
2779_train,27.97935770195363
5032_train,28.135407690934347
7903_train,27.97935770195363
8198_train,27.989053812066423
7293_train,27.990530935807058
